-- --------------------------------------------------------
-- Host:                         34.70.28.168
-- Server version:               10.3.27-MariaDB-0+deb10u1 - Debian 10
-- Server OS:                    debian-linux-gnu
-- HeidiSQL Version:             11.2.0.6213
-- --------------------------------------------------------

/*!40101 SET @OLD_CHARACTER_SET_CLIENT=@@CHARACTER_SET_CLIENT */;
/*!40101 SET NAMES utf8 */;
/*!50503 SET NAMES utf8mb4 */;
/*!40014 SET @OLD_FOREIGN_KEY_CHECKS=@@FOREIGN_KEY_CHECKS, FOREIGN_KEY_CHECKS=0 */;
/*!40101 SET @OLD_SQL_MODE=@@SQL_MODE, SQL_MODE='NO_AUTO_VALUE_ON_ZERO' */;
/*!40111 SET @OLD_SQL_NOTES=@@SQL_NOTES, SQL_NOTES=0 */;


-- Dumping database structure for entities
DROP DATABASE IF EXISTS `entities`;
CREATE DATABASE IF NOT EXISTS `entities` /*!40100 DEFAULT CHARACTER SET utf8mb4 */;
USE `entities`;

-- Dumping structure for table entities.credentials
DROP TABLE IF EXISTS `credentials`;
CREATE TABLE IF NOT EXISTS `credentials` (
  `token` varchar(50) NOT NULL,
  `expirationDate` datetime NOT NULL,
  `user_id` int(11) NOT NULL DEFAULT 0
) ENGINE=InnoDB DEFAULT CHARSET=utf8mb4;

-- Dumping data for table entities.credentials: ~90 rows (approximately)
DELETE FROM `credentials`;
/*!40000 ALTER TABLE `credentials` DISABLE KEYS */;
INSERT INTO `credentials` (`token`, `expirationDate`, `user_id`) VALUES
	('d095284d-7f1a-4bca-a073-eae0a4b43619', '2021-03-17 07:48:44', 5),
	('67ded0f3-8f44-41e1-b4cb-c991c3854894', '2021-03-17 07:50:48', 3),
	('65ffb6ff-f495-44ca-be6b-29f3b7e7c013', '2021-03-17 07:51:19', 6),
	('8b837b2c-9c9e-434e-9fe3-6b26efcd79e9', '2021-03-17 07:51:30', 7),
	('8f5164be-e3cd-4bd2-b4ba-c4725472da88', '2021-03-17 07:51:47', 8),
	('a7068e6d-21c1-4dc9-848b-c6b74bb85600', '2021-03-17 07:52:07', 1),
	('524969f9-de0d-410c-9cd1-c4c975c0dd2c', '2021-03-17 07:54:02', 3),
	('52fd5ea3-6f35-46aa-b25e-d129e012e429', '2021-03-17 07:56:17', 1),
	('4af7f46d-739d-4802-99d8-0eba84e95435', '2021-03-17 08:01:00', 3),
	('44168ecf-def3-477e-88f3-869058eb2251', '2021-03-17 08:01:31', 5),
	('c38edc55-a1ba-4fd8-9628-505b788cd72d', '2021-03-17 08:02:06', 6),
	('cf8de209-f857-4251-b3f0-71d34f1c7a95', '2021-03-17 08:02:19', 7),
	('550a212c-af91-4543-a87f-c24fa9e71a1c', '2021-03-17 08:02:38', 8),
	('68172f52-570e-4a24-adbd-15d15517c72d', '2021-03-17 08:03:43', 7),
	('d6a8d618-bdf0-4d09-8c15-397a90bd866b', '2021-03-17 08:04:43', 6),
	('2e53342a-717e-46e4-94bd-85bc09ee0741', '2021-03-17 08:05:34', 5),
	('6b1617d2-f9bd-43ea-b013-5610b30c947a', '2021-03-17 08:06:38', 3),
	('a1f9b485-d8ce-4db3-8a5d-c0ab63748991', '2021-03-17 08:07:33', 1),
	('736a6f5c-3681-4446-9a9a-4666e89e8973', '2021-03-17 08:13:30', 1),
	('92023add-60cc-4ea9-b041-d6ef63278f01', '2021-03-17 08:14:15', 3),
	('98776ce5-e15d-4584-b8ba-b47c090159ac', '2021-03-17 08:26:12', 1),
	('97a5d1dc-4b00-4059-9ce2-0aa9d2ba6812', '2021-03-17 09:38:39', 3),
	('e036c039-8cfb-46d5-9f5b-b5feb6b9ac4c', '2021-03-17 09:38:47', 1),
	('7acb04e8-e477-4f2c-86d5-7dc05047de92', '2021-03-17 09:39:59', 3),
	('9bbedfa0-d8b6-46a1-9d1e-4cfb8efd9a73', '2021-03-17 14:26:15', 3),
	('4e32fa6f-d0ee-4c1c-aa6d-9373e3fdf029', '2021-03-17 14:26:27', 5),
	('92389fdb-a6ce-4a01-bee0-8779007dd0c9', '2021-03-17 14:26:44', 1),
	('79b4f8f0-5cbb-429c-9c79-328613494832', '2021-03-17 16:33:00', 1),
	('62fe373c-5235-4437-b347-6d7f57fbc66c', '2021-03-17 17:02:33', 1),
	('e04855ad-6321-4eb5-a03b-a8f3a7e56c72', '2021-03-17 17:10:47', 9),
	('229e26e4-891c-4a57-a5a8-a619be7a69e1', '2021-03-17 17:11:03', 10),
	('2008d31e-65b5-4664-a623-ca41a9095efc', '2021-03-17 17:11:15', 1),
	('f30c7f87-6774-4762-a3f0-adff17b147e1', '2021-03-17 17:12:20', 10),
	('de7bdc70-072a-4875-bbe0-b4057ef03983', '2021-03-17 17:12:36', 9),
	('5a3dd1a3-8c2e-4c0c-bc5c-b466c51f96ab', '2021-03-17 17:14:34', 9),
	('01c2d8dc-e7bb-41af-8efe-15a00770063f', '2021-03-17 17:15:24', 10),
	('bd34dfb4-81de-45bd-9043-60c1773b45a1', '2021-03-17 17:16:12', 1),
	('63f402e3-7b07-474d-824b-357cf3b1c69a', '2021-03-17 17:16:16', 1),
	('bb3b97d0-278b-4158-97da-40e3c1070f0c', '2021-03-17 17:17:34', 1),
	('1c37ce2e-850b-49ee-ba8e-12a05172d515', '2021-03-17 17:18:58', 1),
	('17fa530c-4397-4056-8566-27402f257298', '2021-03-17 17:19:01', 1),
	('7e2de45a-f722-436b-94f7-e233843de673', '2021-03-17 17:23:02', 7),
	('3c3184b0-fdc8-4e94-9f97-72a3938f8780', '2021-03-17 17:23:44', 1),
	('ee135df4-5606-4c22-aacc-8da5c555fdd0', '2021-03-17 17:49:44', 3),
	('7dd05681-6b7d-4839-bcab-ce71967b5da6', '2021-03-17 17:49:54', 1),
	('eb8c4a6c-db9f-4b19-961d-3856de697841', '2021-03-17 18:20:03', 7),
	('9502a1e3-3f9a-487f-bd4a-cc3756733a46', '2021-03-17 18:20:15', 8),
	('d80a9bc7-d2b2-4655-bd5d-6dc7a77ee9e2', '2021-03-17 18:20:27', 5),
	('61ac7a48-1616-4429-a329-b52e7bba5da9', '2021-03-17 18:21:16', 3),
	('18eb707b-82f5-481a-8e79-9b84ad5af7c0', '2021-03-17 18:21:58', 1),
	('ea044b50-5fcb-425f-ba04-b417eb1e044d', '2021-03-17 18:28:52', 6),
	('8652118d-8464-4c42-88b5-ef73d1c509b6', '2021-03-17 18:28:54', 6),
	('bdfd0a98-0b57-4edd-8ac7-245a0f689010', '2021-03-17 18:29:11', 9),
	('542b932a-9dca-4234-8ac4-79c6a9ae2b3c', '2021-03-17 18:29:27', 10),
	('51aea72f-0d96-46b5-9a6d-2ba3d02de579', '2021-03-17 19:24:05', 8),
	('0c8971e6-94f2-4387-90e8-5270cc1bc238', '2021-03-17 19:24:17', 7),
	('b16861d2-866a-4168-87bc-47006e6cbea1', '2021-03-17 19:24:37', 10),
	('4ed6dedd-96df-42fe-a274-bc2d7e58da3c', '2021-03-17 19:25:37', 9),
	('4bfde810-8946-46fa-aab2-b7d62c16b80f', '2021-03-17 19:31:13', 10),
	('fb69c70b-0159-486c-b3d6-d05d992c4f46', '2021-03-17 21:08:54', 6),
	('4ba5006e-0065-4f7b-baa0-341de2d280d9', '2021-03-17 21:08:56', 3),
	('3d8a33fb-efaf-48e6-a418-66d6eff9920c', '2021-03-17 21:08:57', 5),
	('51d7108b-6095-479b-96ce-1cfb9a59262e', '2021-03-17 21:09:51', 1),
	('678dd06d-9a17-4c57-b111-55d265818d18', '2021-03-17 21:19:16', 10),
	('7680ea3c-244b-4f4a-af3b-4cc1a475b3e8', '2021-03-18 08:59:11', 1),
	('126b9fff-5ecd-46eb-9435-97ad148d85f0', '2021-03-18 12:28:11', 2),
	('d9822ed4-1df8-46c5-af2d-44a471418454', '2021-03-18 12:28:49', 3),
	('25ee935f-08e6-418a-8446-16f3f64d2b44', '2021-03-18 12:29:45', 5),
	('ff2b3f53-c2ce-43df-93a0-4598844e3dcd', '2021-03-18 12:30:24', 1),
	('c843c26a-256b-4e1f-9792-61493e3644af', '2021-03-18 12:42:53', 1),
	('a65a1f8a-d413-43a4-9852-24458977e2ea', '2021-03-18 18:15:34', 1),
	('fb229f6c-63aa-488a-94b5-e72ebac7ee1e', '2021-03-18 19:08:28', 1),
	('67ac0b74-749e-4253-8b3f-b645bbe608d1', '2021-03-18 19:18:18', 1),
	('38a7a8de-bb5b-4c54-87bb-5711f0e100cd', '2021-03-19 15:19:46', 1),
	('8c335b5c-1c2b-4953-b5cc-e264093ecd55', '2021-03-19 16:57:59', 1),
	('beda57eb-8962-4a14-9d8c-670d00ba91b1', '2021-03-19 17:02:29', 1),
	('d29a2ee8-81b8-4834-8758-279bdaf586e0', '2021-03-21 02:02:35', 1),
	('e36797b4-304d-4520-9d20-6b7e668b5721', '2021-03-21 02:03:17', 1),
	('3de668d4-2294-4c30-a54f-e50c39f3f365', '2021-03-21 02:07:54', 1),
	('5b1b7151-24c2-4ea5-a753-1c087f67ef71', '2021-03-21 02:09:55', 1),
	('6aea5525-0b71-4eeb-b54b-2e277f535332', '2021-03-21 19:17:18', 1),
	('eb4b6614-7ec8-4d64-80e3-647c25f878d5', '2021-03-21 19:44:33', 1),
	('bbb1b64b-48c1-42a0-b04b-c5836486eec7', '2021-03-21 20:16:48', 1),
	('45ba626b-4e41-47f6-b366-0b2895a01ad5', '2021-03-21 20:26:32', 1),
	('791e83e3-09d1-434e-8399-cde2a2d0f0cd', '2021-03-21 20:27:49', 1),
	('8c166b8f-cbc2-4b00-a04d-52a382cd16f3', '2021-03-21 20:57:01', 1),
	('827c973a-061a-4e48-a4d7-7316e34fead5', '2021-03-21 23:14:36', 1),
	('c08efd40-cb24-47c6-bd43-5bc33b8f5561', '2021-03-21 23:19:24', 1),
	('c5836a4d-5af9-485a-b431-a1029c362214', '2021-03-21 23:25:58', 1),
	('08573b64-8593-4a9f-a8d8-e0569fa303e8', '2021-03-22 00:01:09', 1);
/*!40000 ALTER TABLE `credentials` ENABLE KEYS */;

-- Dumping structure for table entities.exam_impro_ap
DROP TABLE IF EXISTS `exam_impro_ap`;
CREATE TABLE IF NOT EXISTS `exam_impro_ap` (
  `id` int(11) NOT NULL AUTO_INCREMENT,
  `completado` tinyint(1) DEFAULT NULL,
  `fechaApplicacion` date DEFAULT NULL,
  `estudiante_uid` varchar(50) NOT NULL DEFAULT '',
  `exam_impro_type_id` int(11) NOT NULL,
  `materia` varchar(200) DEFAULT NULL,
  PRIMARY KEY (`id`),
  KEY `exam_impro_type_id` (`exam_impro_type_id`),
  KEY `estudiante_id` (`estudiante_uid`) USING BTREE,
  CONSTRAINT `FK_exam_impro_ap_user` FOREIGN KEY (`estudiante_uid`) REFERENCES `user` (`uid`) ON DELETE CASCADE,
  CONSTRAINT `exam_impro_ap_ibfk_2` FOREIGN KEY (`exam_impro_type_id`) REFERENCES `exam_impro_type` (`id`) ON DELETE CASCADE,
  CONSTRAINT `CONSTRAINT_1` CHECK (`completado` in (0,1))
) ENGINE=InnoDB AUTO_INCREMENT=278 DEFAULT CHARSET=utf8mb4;

-- Dumping data for table entities.exam_impro_ap: ~39 rows (approximately)
DELETE FROM `exam_impro_ap`;
/*!40000 ALTER TABLE `exam_impro_ap` DISABLE KEYS */;
INSERT INTO `exam_impro_ap` (`id`, `completado`, `fechaApplicacion`, `estudiante_uid`, `exam_impro_type_id`, `materia`) VALUES
	(238, 0, '2021-04-14', 'sDFz7nq2c3hTMq9r7DW8CtmDOHR2', 9, '1 Velo'),
	(239, 0, '2021-04-22', 'irE9NGaE49ej45UbutPnx6kj1Bh2', 3, '2 Alas'),
	(240, 0, '2021-04-13', 'cZhBd4jR2WSeEheP2DNeprWcMCx2', 2, '3 Entrada clasica'),
	(241, 0, '2021-04-13', 'fu3YTr776BcUbBgsyRosVqAmnFA2', 21, '4 Tarab'),
	(242, 0, '2021-04-11', 'irE9NGaE49ej45UbutPnx6kj1Bh2', 28, 'otro mas'),
	(243, 0, '2021-04-13', 'fu3YTr776BcUbBgsyRosVqAmnFA2', 21, 'Tarab'),
	(244, 0, '2021-04-14', 'XJhaU0ywmESe68tGdYbHDcECPHC3', 9, 'VElo'),
	(245, 0, '2021-04-14', 'V9J8BmER4iR8qvQdy7AwYqoGCc73', 2, 'firg'),
	(246, 0, '2021-04-16', 'V9J8BmER4iR8qvQdy7AwYqoGCc73', 9, 'fit'),
	(247, 0, '2021-04-18', 'V9J8BmER4iR8qvQdy7AwYqoGCc73', 2, '01. Pop Arabe'),
	(248, 0, '2021-04-18', 'cZhBd4jR2WSeEheP2DNeprWcMCx2', 2, '02. Pop árabe'),
	(249, 0, '2021-04-18', 'eHhHfUFPc3ZLmsmkuu2Irn8M28H3', 2, '03. Pop árabe'),
	(250, 0, '2021-04-18', 'sDFz7nq2c3hTMq9r7DW8CtmDOHR2', 9, '04. Velo'),
	(251, 0, '2021-04-18', 'V9J8BmER4iR8qvQdy7AwYqoGCc73', 2, '05. Velo'),
	(253, 0, '2021-04-18', 'SgLxpMH3yogpUPZ5sUGg6ddsM3j1', 2, '06. Velo'),
	(254, 0, '2021-04-18', 'irE9NGaE49ej45UbutPnx6kj1Bh2', 3, '07. Alas'),
	(255, 0, '2021-04-18', 'eHhHfUFPc3ZLmsmkuu2Irn8M28H3', 2, '08. Entrada clásica'),
	(256, 0, '2021-04-18', '0WLoQ6Ji12Rj7vODfPwrodPoGrv2', 3, '09. Eskandereia'),
	(257, 0, '2021-04-18', 'TGHGTlvGFyNQ9eolHZoT3yASa4r2', 2, '10. Eskandereia'),
	(258, 0, '2021-04-18', 'HRBW9prVWPYYcgl5Yd45aiydqHB2', 3, '11. Baladi'),
	(259, 0, '2021-04-18', 'eHhHfUFPc3ZLmsmkuu2Irn8M28H3', 2, '12. Baladi'),
	(260, 0, '2021-04-18', 'XJhaU0ywmESe68tGdYbHDcECPHC3', 3, '13. Baladi'),
	(261, 0, '2021-04-18', 'cZhBd4jR2WSeEheP2DNeprWcMCx2', 2, '14. Sable'),
	(262, 0, '2021-04-18', 'irE9NGaE49ej45UbutPnx6kj1Bh2', 3, '15. Elisa'),
	(263, 0, '2021-04-18', 'HRBW9prVWPYYcgl5Yd45aiydqHB2', 3, '16. Sable'),
	(264, 0, '2021-04-18', 'qyuSGEDqZYOOQBPnsY4hCnL1O7l2', 2, '17. Sable'),
	(265, 0, '2021-04-18', 'SgLxpMH3yogpUPZ5sUGg6ddsM3j1', 2, '18. Charola'),
	(266, 0, '2021-04-18', '0WLoQ6Ji12Rj7vODfPwrodPoGrv2', 3, '19. Shamadan'),
	(267, 0, '2021-04-18', 'irE9NGaE49ej45UbutPnx6kj1Bh2', 3, '20. Taxim'),
	(268, 0, '2021-04-18', 'HRBW9prVWPYYcgl5Yd45aiydqHB2', 3, '21. Taxim'),
	(269, 0, '2021-04-18', 'fu3YTr776BcUbBgsyRosVqAmnFA2', 21, '22. Taxim'),
	(270, 0, '2021-04-18', 'SgLxpMH3yogpUPZ5sUGg6ddsM3j1', 2, '23. Khaleegy'),
	(271, 0, '2021-04-18', '0WLoQ6Ji12Rj7vODfPwrodPoGrv2', 3, '24. Khaleegy'),
	(272, 0, '2021-04-18', 'qyuSGEDqZYOOQBPnsY4hCnL1O7l2', 2, '25. Khaleegy'),
	(273, 0, '2021-04-18', 'XJhaU0ywmESe68tGdYbHDcECPHC3', 3, '26. Khaleegy'),
	(274, 0, '2021-04-18', 'TGHGTlvGFyNQ9eolHZoT3yASa4r2', 2, '27. Khaleegy'),
	(275, 0, '2021-04-18', 'fu3YTr776BcUbBgsyRosVqAmnFA2', 21, '28. Tarab'),
	(276, 0, '2021-04-18', 'eHhHfUFPc3ZLmsmkuu2Irn8M28H3', 2, '12. Baladi'),
	(277, 0, '2021-04-18', 'irE9NGaE49ej45UbutPnx6kj1Bh2', 3, '15. Sable');
/*!40000 ALTER TABLE `exam_impro_ap` ENABLE KEYS */;

-- Dumping structure for table entities.exam_impro_ap_criteria
DROP TABLE IF EXISTS `exam_impro_ap_criteria`;
CREATE TABLE IF NOT EXISTS `exam_impro_ap_criteria` (
  `id` int(11) NOT NULL AUTO_INCREMENT,
  `exam_impro_ap_parameter_id` int(11) NOT NULL,
  `exam_impro_criteria_id` int(11) NOT NULL,
  `selected` tinyint(4) DEFAULT NULL,
  PRIMARY KEY (`id`),
  UNIQUE KEY `ap_parameter_criteria` (`exam_impro_ap_parameter_id`,`exam_impro_criteria_id`) USING BTREE,
  KEY `FK_exam_impro_ap_criteria_exam_impro_criteria` (`exam_impro_criteria_id`) USING BTREE,
  CONSTRAINT `FK_exam_impro_ap_criteria_exam_impro_ap_parameter` FOREIGN KEY (`exam_impro_ap_parameter_id`) REFERENCES `exam_impro_ap_parameter` (`id`) ON DELETE CASCADE,
  CONSTRAINT `FK_exam_impro_ap_criteria_exam_impro_criteria` FOREIGN KEY (`exam_impro_criteria_id`) REFERENCES `exam_impro_criteria` (`id`) ON DELETE CASCADE
) ENGINE=InnoDB AUTO_INCREMENT=4066 DEFAULT CHARSET=utf8mb4;

-- Dumping data for table entities.exam_impro_ap_criteria: ~840 rows (approximately)
DELETE FROM `exam_impro_ap_criteria`;
/*!40000 ALTER TABLE `exam_impro_ap_criteria` DISABLE KEYS */;
INSERT INTO `exam_impro_ap_criteria` (`id`, `exam_impro_ap_parameter_id`, `exam_impro_criteria_id`, `selected`) VALUES
	(3066, 706, 32, 1),
	(3067, 706, 102, 1),
	(3068, 706, 103, 1),
	(3069, 706, 104, 1),
	(3070, 706, 105, 1),
	(3071, 707, 33, 1),
	(3072, 707, 106, 0),
	(3073, 707, 183, 0),
	(3074, 707, 188, 1),
	(3075, 707, 187, 1),
	(3076, 707, 189, 0),
	(3077, 707, 190, 0),
	(3078, 707, 191, 0),
	(3079, 707, 192, 0),
	(3080, 707, 193, 0),
	(3081, 707, 194, 0),
	(3082, 707, 195, 0),
	(3083, 707, 196, 0),
	(3084, 707, 197, 0),
	(3085, 707, 198, 0),
	(3086, 707, 270, 0),
	(3087, 707, 271, 0),
	(3088, 708, 184, 1),
	(3089, 708, 185, 0),
	(3090, 708, 186, 1),
	(3091, 708, 34, 1),
	(3092, 708, 108, 1),
	(3093, 708, 109, 1),
	(3094, 709, 113, 1),
	(3095, 709, 112, 1),
	(3096, 709, 114, 1),
	(3097, 709, 35, 1),
	(3098, 710, 32, 1),
	(3099, 710, 102, 1),
	(3100, 710, 103, 1),
	(3101, 710, 104, 1),
	(3102, 710, 105, 1),
	(3103, 711, 33, 1),
	(3104, 711, 106, 0),
	(3105, 711, 183, 0),
	(3106, 711, 188, 1),
	(3107, 711, 187, 1),
	(3108, 711, 189, 0),
	(3109, 711, 190, 0),
	(3110, 711, 191, 0),
	(3111, 711, 192, 0),
	(3112, 711, 193, 0),
	(3113, 711, 194, 0),
	(3114, 711, 195, 0),
	(3115, 711, 196, 0),
	(3116, 711, 197, 0),
	(3117, 711, 198, 0),
	(3118, 711, 270, 0),
	(3119, 711, 271, 0),
	(3120, 712, 184, 1),
	(3121, 712, 185, 0),
	(3122, 712, 186, 0),
	(3123, 712, 34, 1),
	(3124, 712, 108, 1),
	(3125, 712, 109, 1),
	(3126, 713, 113, 1),
	(3127, 713, 112, 1),
	(3128, 713, 114, 1),
	(3129, 713, 35, 1),
	(3130, 714, 32, 1),
	(3131, 714, 102, 1),
	(3132, 714, 103, 1),
	(3133, 714, 104, 1),
	(3134, 714, 105, 1),
	(3135, 715, 33, 1),
	(3136, 715, 106, 0),
	(3137, 715, 183, 0),
	(3138, 715, 188, 1),
	(3139, 715, 187, 1),
	(3140, 715, 189, 0),
	(3141, 715, 190, 0),
	(3142, 715, 191, 0),
	(3143, 715, 192, 0),
	(3144, 715, 193, 0),
	(3145, 715, 194, 0),
	(3146, 715, 195, 0),
	(3147, 715, 196, 0),
	(3148, 715, 197, 0),
	(3149, 715, 198, 0),
	(3150, 715, 270, 0),
	(3151, 715, 271, 0),
	(3152, 716, 184, 1),
	(3153, 716, 185, 0),
	(3154, 716, 186, 1),
	(3155, 716, 34, 1),
	(3156, 716, 108, 1),
	(3157, 716, 109, 1),
	(3158, 717, 113, 1),
	(3159, 717, 112, 1),
	(3160, 717, 114, 1),
	(3161, 717, 35, 1),
	(3162, 718, 82, 1),
	(3163, 718, 83, 1),
	(3164, 718, 84, 1),
	(3165, 718, 86, 1),
	(3166, 718, 85, 1),
	(3167, 719, 87, 1),
	(3168, 719, 88, 1),
	(3169, 719, 199, 1),
	(3170, 720, 90, 1),
	(3171, 720, 91, 1),
	(3172, 720, 92, 1),
	(3173, 720, 93, 1),
	(3174, 721, 96, 1),
	(3175, 721, 97, 1),
	(3176, 721, 95, 1),
	(3177, 721, 94, 1),
	(3178, 722, 32, 1),
	(3179, 722, 102, 1),
	(3180, 722, 103, 1),
	(3181, 722, 104, 1),
	(3182, 722, 105, 1),
	(3183, 723, 33, 1),
	(3184, 723, 106, 1),
	(3185, 723, 183, 1),
	(3186, 723, 188, 0),
	(3187, 723, 187, 0),
	(3188, 723, 189, 0),
	(3189, 723, 190, 0),
	(3190, 723, 191, 0),
	(3191, 723, 192, 0),
	(3192, 723, 193, 0),
	(3193, 723, 194, 0),
	(3194, 723, 195, 0),
	(3195, 723, 196, 0),
	(3196, 723, 197, 0),
	(3197, 723, 198, 0),
	(3198, 723, 270, 0),
	(3199, 723, 271, 0),
	(3200, 724, 184, 1),
	(3201, 724, 185, 0),
	(3202, 724, 186, 0),
	(3203, 724, 34, 1),
	(3204, 724, 108, 1),
	(3205, 724, 109, 1),
	(3206, 725, 113, 1),
	(3207, 725, 112, 1),
	(3208, 725, 114, 1),
	(3209, 725, 35, 1),
	(3238, 729, 32, 1),
	(3239, 729, 102, 1),
	(3240, 729, 103, 1),
	(3241, 729, 104, 1),
	(3242, 729, 105, 1),
	(3243, 730, 33, 1),
	(3244, 730, 106, 1),
	(3245, 730, 183, 1),
	(3246, 730, 188, 0),
	(3247, 730, 187, 0),
	(3248, 730, 189, 0),
	(3249, 730, 190, 0),
	(3250, 730, 191, 0),
	(3251, 730, 192, 0),
	(3252, 730, 193, 0),
	(3253, 730, 194, 0),
	(3254, 730, 195, 0),
	(3255, 730, 196, 0),
	(3256, 730, 197, 0),
	(3257, 730, 198, 0),
	(3258, 730, 270, 0),
	(3259, 730, 271, 0),
	(3260, 731, 184, 1),
	(3261, 731, 185, 0),
	(3262, 731, 186, 0),
	(3263, 731, 34, 1),
	(3264, 731, 108, 1),
	(3265, 731, 109, 1),
	(3266, 732, 113, 1),
	(3267, 732, 112, 1),
	(3268, 732, 114, 1),
	(3269, 732, 35, 1),
	(3270, 733, 117, 1),
	(3271, 733, 118, 1),
	(3272, 733, 119, 1),
	(3273, 733, 120, 1),
	(3274, 733, 121, 1),
	(3275, 734, 123, 1),
	(3276, 734, 124, 0),
	(3277, 734, 201, 0),
	(3278, 734, 203, 1),
	(3279, 734, 209, 1),
	(3280, 734, 204, 0),
	(3281, 734, 210, 0),
	(3282, 734, 205, 0),
	(3283, 734, 211, 0),
	(3284, 734, 159, 0),
	(3285, 734, 212, 0),
	(3286, 734, 160, 0),
	(3287, 734, 213, 0),
	(3288, 734, 202, 0),
	(3289, 734, 214, 0),
	(3290, 734, 206, 0),
	(3291, 734, 215, 0),
	(3292, 734, 207, 0),
	(3293, 734, 216, 0),
	(3294, 735, 130, 1),
	(3295, 735, 131, 0),
	(3296, 735, 132, 0),
	(3297, 735, 127, 1),
	(3298, 735, 128, 1),
	(3299, 735, 126, 1),
	(3300, 735, 129, 1),
	(3301, 735, 200, 1),
	(3302, 736, 136, 1),
	(3303, 736, 135, 1),
	(3304, 736, 137, 1),
	(3305, 736, 134, 1),
	(3306, 737, 32, 1),
	(3307, 737, 102, 1),
	(3308, 737, 103, 1),
	(3309, 737, 104, 1),
	(3310, 737, 105, 1),
	(3311, 738, 33, 1),
	(3312, 738, 106, 0),
	(3313, 738, 183, 0),
	(3314, 738, 188, 0),
	(3315, 738, 187, 0),
	(3316, 738, 189, 1),
	(3317, 738, 190, 1),
	(3318, 738, 191, 0),
	(3319, 738, 192, 0),
	(3320, 738, 193, 0),
	(3321, 738, 194, 0),
	(3322, 738, 195, 0),
	(3323, 738, 196, 0),
	(3324, 738, 197, 0),
	(3325, 738, 198, 0),
	(3326, 738, 270, 0),
	(3327, 738, 271, 0),
	(3328, 739, 184, 1),
	(3329, 739, 185, 0),
	(3330, 739, 186, 0),
	(3331, 739, 34, 1),
	(3332, 739, 108, 1),
	(3333, 739, 109, 1),
	(3334, 740, 113, 1),
	(3335, 740, 112, 1),
	(3336, 740, 114, 1),
	(3337, 740, 35, 1),
	(3338, 741, 117, 1),
	(3339, 741, 118, 1),
	(3340, 741, 119, 1),
	(3341, 741, 120, 1),
	(3342, 741, 121, 1),
	(3343, 742, 123, 1),
	(3344, 742, 124, 0),
	(3345, 742, 201, 0),
	(3346, 742, 203, 0),
	(3347, 742, 209, 0),
	(3348, 742, 204, 1),
	(3349, 742, 210, 1),
	(3350, 742, 205, 0),
	(3351, 742, 211, 0),
	(3352, 742, 159, 0),
	(3353, 742, 212, 0),
	(3354, 742, 160, 0),
	(3355, 742, 213, 0),
	(3356, 742, 202, 0),
	(3357, 742, 214, 0),
	(3358, 742, 206, 0),
	(3359, 742, 215, 0),
	(3360, 742, 207, 0),
	(3361, 742, 216, 0),
	(3362, 743, 130, 1),
	(3363, 743, 131, 0),
	(3364, 743, 132, 0),
	(3365, 743, 127, 1),
	(3366, 743, 128, 1),
	(3367, 743, 126, 1),
	(3368, 743, 129, 1),
	(3369, 743, 200, 1),
	(3370, 744, 136, 1),
	(3371, 744, 135, 1),
	(3372, 744, 137, 1),
	(3373, 744, 134, 1),
	(3374, 745, 32, 1),
	(3375, 745, 102, 1),
	(3376, 745, 103, 1),
	(3377, 745, 104, 1),
	(3378, 745, 105, 1),
	(3379, 746, 33, 1),
	(3380, 746, 106, 0),
	(3381, 746, 183, 0),
	(3382, 746, 188, 0),
	(3383, 746, 187, 0),
	(3384, 746, 189, 0),
	(3385, 746, 190, 0),
	(3386, 746, 191, 1),
	(3387, 746, 192, 1),
	(3388, 746, 193, 0),
	(3389, 746, 194, 0),
	(3390, 746, 195, 0),
	(3391, 746, 196, 0),
	(3392, 746, 197, 0),
	(3393, 746, 198, 0),
	(3394, 746, 270, 0),
	(3395, 746, 271, 0),
	(3396, 747, 184, 1),
	(3397, 747, 185, 0),
	(3398, 747, 186, 1),
	(3399, 747, 34, 1),
	(3400, 747, 108, 1),
	(3401, 747, 109, 1),
	(3402, 748, 113, 1),
	(3403, 748, 112, 1),
	(3404, 748, 114, 1),
	(3405, 748, 35, 1),
	(3406, 749, 117, 1),
	(3407, 749, 118, 1),
	(3408, 749, 119, 1),
	(3409, 749, 120, 1),
	(3410, 749, 121, 1),
	(3411, 750, 123, 1),
	(3412, 750, 124, 0),
	(3413, 750, 201, 0),
	(3414, 750, 203, 0),
	(3415, 750, 209, 0),
	(3416, 750, 204, 0),
	(3417, 750, 210, 0),
	(3418, 750, 205, 1),
	(3419, 750, 211, 1),
	(3420, 750, 159, 0),
	(3421, 750, 212, 0),
	(3422, 750, 160, 0),
	(3423, 750, 213, 0),
	(3424, 750, 202, 0),
	(3425, 750, 214, 0),
	(3426, 750, 206, 0),
	(3427, 750, 215, 0),
	(3428, 750, 207, 0),
	(3429, 750, 216, 0),
	(3430, 751, 130, 1),
	(3431, 751, 131, 1),
	(3432, 751, 132, 1),
	(3433, 751, 127, 1),
	(3434, 751, 128, 1),
	(3435, 751, 126, 1),
	(3436, 751, 129, 1),
	(3437, 751, 200, 1),
	(3438, 752, 136, 1),
	(3439, 752, 135, 1),
	(3440, 752, 137, 1),
	(3441, 752, 134, 1),
	(3474, 757, 117, 1),
	(3475, 757, 118, 1),
	(3476, 757, 119, 1),
	(3477, 757, 120, 1),
	(3478, 757, 121, 1),
	(3479, 758, 123, 1),
	(3480, 758, 124, 0),
	(3481, 758, 201, 0),
	(3482, 758, 203, 0),
	(3483, 758, 209, 0),
	(3484, 758, 204, 0),
	(3485, 758, 210, 0),
	(3486, 758, 205, 1),
	(3487, 758, 211, 1),
	(3488, 758, 159, 0),
	(3489, 758, 212, 0),
	(3490, 758, 160, 0),
	(3491, 758, 213, 0),
	(3492, 758, 202, 0),
	(3493, 758, 214, 0),
	(3494, 758, 206, 0),
	(3495, 758, 215, 0),
	(3496, 758, 207, 0),
	(3497, 758, 216, 0),
	(3498, 759, 130, 1),
	(3499, 759, 131, 1),
	(3500, 759, 132, 1),
	(3501, 759, 127, 1),
	(3502, 759, 128, 1),
	(3503, 759, 126, 1),
	(3504, 759, 129, 1),
	(3505, 759, 200, 1),
	(3506, 760, 136, 1),
	(3507, 760, 135, 1),
	(3508, 760, 137, 1),
	(3509, 760, 134, 1),
	(3510, 761, 32, 1),
	(3511, 761, 102, 1),
	(3512, 761, 103, 1),
	(3513, 761, 104, 1),
	(3514, 761, 105, 1),
	(3515, 762, 33, 1),
	(3516, 762, 106, 0),
	(3517, 762, 183, 0),
	(3518, 762, 188, 0),
	(3519, 762, 187, 0),
	(3520, 762, 189, 0),
	(3521, 762, 190, 0),
	(3522, 762, 191, 0),
	(3523, 762, 192, 0),
	(3524, 762, 193, 0),
	(3525, 762, 194, 0),
	(3526, 762, 195, 1),
	(3527, 762, 196, 1),
	(3528, 762, 197, 0),
	(3529, 762, 198, 0),
	(3530, 762, 270, 0),
	(3531, 762, 271, 0),
	(3532, 763, 184, 1),
	(3533, 763, 185, 0),
	(3534, 763, 186, 0),
	(3535, 763, 34, 1),
	(3536, 763, 108, 1),
	(3537, 763, 109, 1),
	(3538, 764, 113, 1),
	(3539, 764, 112, 1),
	(3540, 764, 114, 1),
	(3541, 764, 35, 1),
	(3578, 769, 117, 1),
	(3579, 769, 118, 1),
	(3580, 769, 119, 1),
	(3581, 769, 120, 1),
	(3582, 769, 121, 1),
	(3583, 770, 123, 1),
	(3584, 770, 124, 0),
	(3585, 770, 201, 0),
	(3586, 770, 203, 0),
	(3587, 770, 209, 0),
	(3588, 770, 204, 0),
	(3589, 770, 210, 0),
	(3590, 770, 205, 0),
	(3591, 770, 211, 0),
	(3592, 770, 159, 1),
	(3593, 770, 212, 1),
	(3594, 770, 160, 0),
	(3595, 770, 213, 0),
	(3596, 770, 202, 0),
	(3597, 770, 214, 0),
	(3598, 770, 206, 0),
	(3599, 770, 215, 0),
	(3600, 770, 207, 0),
	(3601, 770, 216, 0),
	(3602, 771, 130, 1),
	(3603, 771, 131, 0),
	(3604, 771, 132, 0),
	(3605, 771, 127, 1),
	(3606, 771, 128, 1),
	(3607, 771, 126, 1),
	(3608, 771, 129, 1),
	(3609, 771, 200, 1),
	(3610, 772, 136, 1),
	(3611, 772, 135, 1),
	(3612, 772, 137, 1),
	(3613, 772, 134, 1),
	(3646, 777, 32, 1),
	(3647, 777, 102, 1),
	(3648, 777, 103, 1),
	(3649, 777, 104, 1),
	(3650, 777, 105, 1),
	(3651, 778, 33, 1),
	(3652, 778, 106, 0),
	(3653, 778, 183, 0),
	(3654, 778, 188, 0),
	(3655, 778, 187, 0),
	(3656, 778, 189, 0),
	(3657, 778, 190, 0),
	(3658, 778, 191, 0),
	(3659, 778, 192, 0),
	(3660, 778, 193, 0),
	(3661, 778, 194, 0),
	(3662, 778, 195, 0),
	(3663, 778, 196, 0),
	(3664, 778, 197, 0),
	(3665, 778, 198, 0),
	(3666, 778, 270, 1),
	(3667, 778, 271, 1),
	(3668, 779, 184, 1),
	(3669, 779, 185, 0),
	(3670, 779, 186, 0),
	(3671, 779, 34, 1),
	(3672, 779, 108, 1),
	(3673, 779, 109, 1),
	(3674, 780, 113, 1),
	(3675, 780, 112, 1),
	(3676, 780, 114, 1),
	(3677, 780, 35, 1),
	(3678, 781, 117, 1),
	(3679, 781, 118, 1),
	(3680, 781, 119, 1),
	(3681, 781, 120, 1),
	(3682, 781, 121, 1),
	(3683, 782, 123, 1),
	(3684, 782, 124, 0),
	(3685, 782, 201, 0),
	(3686, 782, 203, 0),
	(3687, 782, 209, 0),
	(3688, 782, 204, 0),
	(3689, 782, 210, 0),
	(3690, 782, 205, 0),
	(3691, 782, 211, 0),
	(3692, 782, 159, 0),
	(3693, 782, 212, 0),
	(3694, 782, 160, 1),
	(3695, 782, 213, 1),
	(3696, 782, 202, 0),
	(3697, 782, 214, 0),
	(3698, 782, 206, 0),
	(3699, 782, 215, 0),
	(3700, 782, 207, 0),
	(3701, 782, 216, 0),
	(3702, 783, 130, 1),
	(3703, 783, 131, 0),
	(3704, 783, 132, 0),
	(3705, 783, 127, 1),
	(3706, 783, 128, 1),
	(3707, 783, 126, 1),
	(3708, 783, 129, 1),
	(3709, 783, 200, 1),
	(3710, 784, 136, 1),
	(3711, 784, 135, 1),
	(3712, 784, 137, 1),
	(3713, 784, 134, 1),
	(3714, 785, 117, 1),
	(3715, 785, 118, 1),
	(3716, 785, 119, 1),
	(3717, 785, 120, 1),
	(3718, 785, 121, 1),
	(3719, 786, 123, 1),
	(3720, 786, 124, 0),
	(3721, 786, 201, 0),
	(3722, 786, 203, 0),
	(3723, 786, 209, 0),
	(3724, 786, 204, 0),
	(3725, 786, 210, 0),
	(3726, 786, 205, 0),
	(3727, 786, 211, 0),
	(3728, 786, 159, 0),
	(3729, 786, 212, 0),
	(3730, 786, 160, 0),
	(3731, 786, 213, 0),
	(3732, 786, 202, 0),
	(3733, 786, 214, 0),
	(3734, 786, 206, 1),
	(3735, 786, 215, 1),
	(3736, 786, 207, 0),
	(3737, 786, 216, 0),
	(3738, 787, 130, 0),
	(3739, 787, 131, 1),
	(3740, 787, 132, 0),
	(3741, 787, 127, 1),
	(3742, 787, 128, 1),
	(3743, 787, 126, 1),
	(3744, 787, 129, 1),
	(3745, 787, 200, 1),
	(3746, 788, 136, 1),
	(3747, 788, 135, 1),
	(3748, 788, 137, 1),
	(3749, 788, 134, 1),
	(3750, 789, 117, 1),
	(3751, 789, 118, 1),
	(3752, 789, 119, 1),
	(3753, 789, 120, 1),
	(3754, 789, 121, 1),
	(3755, 790, 123, 1),
	(3756, 790, 124, 0),
	(3757, 790, 201, 0),
	(3758, 790, 203, 0),
	(3759, 790, 209, 0),
	(3760, 790, 204, 0),
	(3761, 790, 210, 0),
	(3762, 790, 205, 0),
	(3763, 790, 211, 0),
	(3764, 790, 159, 0),
	(3765, 790, 212, 0),
	(3766, 790, 160, 0),
	(3767, 790, 213, 0),
	(3768, 790, 202, 0),
	(3769, 790, 214, 0),
	(3770, 790, 206, 1),
	(3771, 790, 215, 1),
	(3772, 790, 207, 0),
	(3773, 790, 216, 0),
	(3774, 791, 130, 0),
	(3775, 791, 131, 1),
	(3776, 791, 132, 0),
	(3777, 791, 127, 1),
	(3778, 791, 128, 1),
	(3779, 791, 126, 1),
	(3780, 791, 129, 1),
	(3781, 791, 200, 1),
	(3782, 792, 136, 1),
	(3783, 792, 135, 1),
	(3784, 792, 137, 1),
	(3785, 792, 134, 1),
	(3786, 793, 217, 1),
	(3787, 793, 219, 1),
	(3788, 793, 220, 1),
	(3789, 793, 218, 1),
	(3790, 793, 221, 1),
	(3791, 794, 222, 1),
	(3792, 794, 223, 1),
	(3793, 794, 224, 1),
	(3794, 794, 235, 0),
	(3795, 794, 236, 0),
	(3796, 795, 265, 0),
	(3797, 795, 268, 1),
	(3798, 795, 266, 0),
	(3799, 795, 225, 1),
	(3800, 795, 226, 1),
	(3801, 795, 227, 1),
	(3802, 795, 229, 1),
	(3803, 795, 228, 1),
	(3804, 796, 230, 1),
	(3805, 796, 231, 1),
	(3806, 796, 232, 1),
	(3807, 796, 233, 1),
	(3808, 797, 32, 1),
	(3809, 797, 102, 1),
	(3810, 797, 103, 1),
	(3811, 797, 104, 1),
	(3812, 797, 105, 1),
	(3813, 798, 33, 1),
	(3814, 798, 106, 0),
	(3815, 798, 183, 0),
	(3816, 798, 188, 0),
	(3817, 798, 187, 0),
	(3818, 798, 189, 0),
	(3819, 798, 190, 0),
	(3820, 798, 191, 0),
	(3821, 798, 192, 0),
	(3822, 798, 193, 0),
	(3823, 798, 194, 0),
	(3824, 798, 195, 0),
	(3825, 798, 196, 0),
	(3826, 798, 197, 1),
	(3827, 798, 198, 1),
	(3828, 798, 270, 0),
	(3829, 798, 271, 0),
	(3830, 799, 184, 1),
	(3831, 799, 185, 0),
	(3832, 799, 186, 0),
	(3833, 799, 34, 1),
	(3834, 799, 108, 1),
	(3835, 799, 109, 1),
	(3836, 800, 113, 1),
	(3837, 800, 112, 1),
	(3838, 800, 114, 1),
	(3839, 800, 35, 1),
	(3840, 801, 117, 1),
	(3841, 801, 118, 1),
	(3842, 801, 119, 1),
	(3843, 801, 120, 1),
	(3844, 801, 121, 1),
	(3845, 802, 123, 1),
	(3846, 802, 124, 0),
	(3847, 802, 201, 0),
	(3848, 802, 203, 0),
	(3849, 802, 209, 0),
	(3850, 802, 204, 0),
	(3851, 802, 210, 0),
	(3852, 802, 205, 0),
	(3853, 802, 211, 0),
	(3854, 802, 159, 0),
	(3855, 802, 212, 0),
	(3856, 802, 160, 0),
	(3857, 802, 213, 0),
	(3858, 802, 202, 0),
	(3859, 802, 214, 0),
	(3860, 802, 206, 0),
	(3861, 802, 215, 0),
	(3862, 802, 207, 1),
	(3863, 802, 216, 1),
	(3864, 803, 130, 1),
	(3865, 803, 131, 0),
	(3866, 803, 132, 1),
	(3867, 803, 127, 1),
	(3868, 803, 128, 1),
	(3869, 803, 126, 1),
	(3870, 803, 129, 1),
	(3871, 803, 200, 1),
	(3872, 804, 136, 1),
	(3873, 804, 135, 1),
	(3874, 804, 137, 1),
	(3875, 804, 134, 1),
	(3908, 809, 117, 1),
	(3909, 809, 118, 1),
	(3910, 809, 119, 1),
	(3911, 809, 120, 1),
	(3912, 809, 121, 1),
	(3913, 810, 123, 1),
	(3914, 810, 124, 0),
	(3915, 810, 201, 0),
	(3916, 810, 203, 0),
	(3917, 810, 209, 0),
	(3918, 810, 204, 0),
	(3919, 810, 210, 0),
	(3920, 810, 205, 0),
	(3921, 810, 211, 0),
	(3922, 810, 159, 0),
	(3923, 810, 212, 0),
	(3924, 810, 160, 0),
	(3925, 810, 213, 0),
	(3926, 810, 202, 0),
	(3927, 810, 214, 0),
	(3928, 810, 206, 0),
	(3929, 810, 215, 0),
	(3930, 810, 207, 1),
	(3931, 810, 216, 1),
	(3932, 811, 130, 1),
	(3933, 811, 131, 0),
	(3934, 811, 132, 1),
	(3935, 811, 127, 1),
	(3936, 811, 128, 1),
	(3937, 811, 126, 1),
	(3938, 811, 129, 1),
	(3939, 811, 200, 1),
	(3940, 812, 136, 1),
	(3941, 812, 135, 1),
	(3942, 812, 137, 1),
	(3943, 812, 134, 1),
	(3944, 813, 32, 1),
	(3945, 813, 102, 1),
	(3946, 813, 103, 1),
	(3947, 813, 104, 1),
	(3948, 813, 105, 1),
	(3949, 814, 33, 1),
	(3950, 814, 106, 0),
	(3951, 814, 183, 0),
	(3952, 814, 188, 0),
	(3953, 814, 187, 0),
	(3954, 814, 189, 0),
	(3955, 814, 190, 0),
	(3956, 814, 191, 0),
	(3957, 814, 192, 0),
	(3958, 814, 193, 0),
	(3959, 814, 194, 0),
	(3960, 814, 195, 0),
	(3961, 814, 196, 0),
	(3962, 814, 197, 1),
	(3963, 814, 198, 1),
	(3964, 814, 270, 0),
	(3965, 814, 271, 0),
	(3966, 815, 184, 1),
	(3967, 815, 185, 0),
	(3968, 815, 186, 1),
	(3969, 815, 34, 1),
	(3970, 815, 108, 1),
	(3971, 815, 109, 1),
	(3972, 816, 113, 1),
	(3973, 816, 112, 1),
	(3974, 816, 114, 1),
	(3975, 816, 35, 1),
	(3976, 817, 217, 1),
	(3977, 817, 219, 1),
	(3978, 817, 220, 1),
	(3979, 817, 218, 1),
	(3980, 817, 221, 1),
	(3981, 818, 222, 1),
	(3982, 818, 223, 0),
	(3983, 818, 224, 0),
	(3984, 818, 235, 1),
	(3985, 818, 236, 1),
	(3986, 819, 265, 1),
	(3987, 819, 268, 0),
	(3988, 819, 266, 0),
	(3989, 819, 225, 1),
	(3990, 819, 226, 1),
	(3991, 819, 227, 1),
	(3992, 819, 229, 1),
	(3993, 819, 228, 1),
	(3994, 820, 230, 1),
	(3995, 820, 231, 1),
	(3996, 820, 232, 1),
	(3997, 820, 233, 1),
	(3998, 821, 32, 1),
	(3999, 821, 102, 1),
	(4000, 821, 103, 1),
	(4001, 821, 104, 1),
	(4002, 821, 105, 1),
	(4003, 822, 33, 1),
	(4004, 822, 106, 0),
	(4005, 822, 183, 0),
	(4006, 822, 188, 0),
	(4007, 822, 187, 0),
	(4008, 822, 189, 0),
	(4009, 822, 190, 0),
	(4010, 822, 191, 0),
	(4011, 822, 192, 0),
	(4012, 822, 193, 1),
	(4013, 822, 194, 1),
	(4014, 822, 195, 0),
	(4015, 822, 196, 0),
	(4016, 822, 197, 0),
	(4017, 822, 198, 0),
	(4018, 822, 270, 0),
	(4019, 822, 271, 0),
	(4020, 823, 184, 1),
	(4021, 823, 185, 0),
	(4022, 823, 186, 1),
	(4023, 823, 34, 1),
	(4024, 823, 108, 1),
	(4025, 823, 109, 1),
	(4026, 824, 113, 1),
	(4027, 824, 112, 1),
	(4028, 824, 114, 1),
	(4029, 824, 35, 1),
	(4030, 825, 117, 1),
	(4031, 825, 118, 1),
	(4032, 825, 119, 1),
	(4033, 825, 120, 1),
	(4034, 825, 121, 1),
	(4035, 826, 123, 1),
	(4036, 826, 124, 0),
	(4037, 826, 201, 0),
	(4038, 826, 203, 0),
	(4039, 826, 209, 0),
	(4040, 826, 204, 0),
	(4041, 826, 210, 0),
	(4042, 826, 205, 0),
	(4043, 826, 211, 1),
	(4044, 826, 159, 1),
	(4045, 826, 212, 1),
	(4046, 826, 160, 0),
	(4047, 826, 213, 0),
	(4048, 826, 202, 0),
	(4049, 826, 214, 0),
	(4050, 826, 206, 0),
	(4051, 826, 215, 0),
	(4052, 826, 207, 0),
	(4053, 826, 216, 0),
	(4054, 827, 130, 1),
	(4055, 827, 131, 0),
	(4056, 827, 132, 0),
	(4057, 827, 127, 1),
	(4058, 827, 128, 1),
	(4059, 827, 126, 1),
	(4060, 827, 129, 1),
	(4061, 827, 200, 1),
	(4062, 828, 136, 1),
	(4063, 828, 135, 1),
	(4064, 828, 137, 1),
	(4065, 828, 134, 1);
/*!40000 ALTER TABLE `exam_impro_ap_criteria` ENABLE KEYS */;

-- Dumping structure for table entities.exam_impro_ap_parameter
DROP TABLE IF EXISTS `exam_impro_ap_parameter`;
CREATE TABLE IF NOT EXISTS `exam_impro_ap_parameter` (
  `id` int(11) NOT NULL AUTO_INCREMENT,
  `exam_impro_ap_id` int(11) NOT NULL,
  `exam_impro_parameter_id` int(11) NOT NULL,
  `maestro_uid` varchar(50) NOT NULL,
  `completado` tinyint(1) NOT NULL,
  `comentario` varchar(200) DEFAULT NULL,
  `grade` decimal(10,1) DEFAULT NULL,
  PRIMARY KEY (`id`),
  KEY `exam_impro_ap_parameter_ibfk_2` (`exam_impro_parameter_id`),
  KEY `exam_impro_ap_parameter_ibfk_1` (`exam_impro_ap_id`) USING BTREE,
  KEY `maestro_id` (`maestro_uid`) USING BTREE,
  CONSTRAINT `FK_exam_impro_ap_parameter_user` FOREIGN KEY (`maestro_uid`) REFERENCES `user` (`uid`) ON DELETE CASCADE,
  CONSTRAINT `exam_impro_ap_parameter_ibfk_1` FOREIGN KEY (`exam_impro_ap_id`) REFERENCES `exam_impro_ap` (`id`) ON DELETE CASCADE,
  CONSTRAINT `exam_impro_ap_parameter_ibfk_2` FOREIGN KEY (`exam_impro_parameter_id`) REFERENCES `exam_impro_parameter` (`id`) ON DELETE CASCADE,
  CONSTRAINT `CONSTRAINT_1` CHECK (`completado` in (0,1))
) ENGINE=InnoDB AUTO_INCREMENT=829 DEFAULT CHARSET=utf8mb4;

-- Dumping data for table entities.exam_impro_ap_parameter: ~104 rows (approximately)
DELETE FROM `exam_impro_ap_parameter`;
/*!40000 ALTER TABLE `exam_impro_ap_parameter` DISABLE KEYS */;
INSERT INTO `exam_impro_ap_parameter` (`id`, `exam_impro_ap_id`, `exam_impro_parameter_id`, `maestro_uid`, `completado`, `comentario`, `grade`) VALUES
	(706, 247, 5, 'hOyxSFzX3wce7bsd4yUrQzIkw292', 0, NULL, NULL),
	(707, 247, 6, 'ZPuO87FhKpMDddSEiXnxSz2cgev1', 0, NULL, NULL),
	(708, 247, 7, 'yfcJxYHtYiROow7x6nGWJP2NLZu2', 0, NULL, NULL),
	(709, 247, 8, 'dDzrwO98tvPT0g9t0chhffbNkyB3', 0, NULL, NULL),
	(710, 248, 5, 'hOyxSFzX3wce7bsd4yUrQzIkw292', 0, NULL, NULL),
	(711, 248, 6, 'ZPuO87FhKpMDddSEiXnxSz2cgev1', 0, NULL, NULL),
	(712, 248, 7, 'yfcJxYHtYiROow7x6nGWJP2NLZu2', 0, NULL, NULL),
	(713, 248, 8, 'dDzrwO98tvPT0g9t0chhffbNkyB3', 0, NULL, NULL),
	(714, 249, 5, 'hOyxSFzX3wce7bsd4yUrQzIkw292', 0, NULL, NULL),
	(715, 249, 6, 'ZPuO87FhKpMDddSEiXnxSz2cgev1', 0, NULL, NULL),
	(716, 249, 7, 'yfcJxYHtYiROow7x6nGWJP2NLZu2', 0, NULL, NULL),
	(717, 249, 8, 'dDzrwO98tvPT0g9t0chhffbNkyB3', 0, NULL, NULL),
	(718, 250, 44, '0FjPcANm3Jh1MysHVEcOA3D4q0E3', 0, NULL, NULL),
	(719, 250, 46, 'ZPuO87FhKpMDddSEiXnxSz2cgev1', 0, NULL, NULL),
	(720, 250, 47, 'yfcJxYHtYiROow7x6nGWJP2NLZu2', 0, NULL, NULL),
	(721, 250, 48, 'dDzrwO98tvPT0g9t0chhffbNkyB3', 0, NULL, NULL),
	(722, 251, 5, '0FjPcANm3Jh1MysHVEcOA3D4q0E3', 0, NULL, NULL),
	(723, 251, 6, 'ZPuO87FhKpMDddSEiXnxSz2cgev1', 0, NULL, NULL),
	(724, 251, 7, 'yfcJxYHtYiROow7x6nGWJP2NLZu2', 0, NULL, NULL),
	(725, 251, 8, 'dDzrwO98tvPT0g9t0chhffbNkyB3', 0, NULL, NULL),
	(729, 253, 5, '0FjPcANm3Jh1MysHVEcOA3D4q0E3', 0, NULL, NULL),
	(730, 253, 6, 'ZPuO87FhKpMDddSEiXnxSz2cgev1', 0, NULL, NULL),
	(731, 253, 7, 'yfcJxYHtYiROow7x6nGWJP2NLZu2', 0, NULL, NULL),
	(732, 253, 8, 'dDzrwO98tvPT0g9t0chhffbNkyB3', 0, NULL, NULL),
	(733, 254, 52, 'hOyxSFzX3wce7bsd4yUrQzIkw292', 0, NULL, NULL),
	(734, 254, 53, '0FjPcANm3Jh1MysHVEcOA3D4q0E3', 0, NULL, NULL),
	(735, 254, 54, 'yfcJxYHtYiROow7x6nGWJP2NLZu2', 0, NULL, NULL),
	(736, 254, 55, 'dDzrwO98tvPT0g9t0chhffbNkyB3', 0, NULL, NULL),
	(737, 255, 5, 'hOyxSFzX3wce7bsd4yUrQzIkw292', 0, NULL, NULL),
	(738, 255, 6, 'ZPuO87FhKpMDddSEiXnxSz2cgev1', 0, NULL, NULL),
	(739, 255, 7, '0FjPcANm3Jh1MysHVEcOA3D4q0E3', 0, NULL, NULL),
	(740, 255, 8, 'dDzrwO98tvPT0g9t0chhffbNkyB3', 0, NULL, NULL),
	(741, 256, 52, 'hOyxSFzX3wce7bsd4yUrQzIkw292', 0, NULL, NULL),
	(742, 256, 53, 'ZPuO87FhKpMDddSEiXnxSz2cgev1', 0, NULL, NULL),
	(743, 256, 54, 'yfcJxYHtYiROow7x6nGWJP2NLZu2', 0, NULL, NULL),
	(744, 256, 55, '0FjPcANm3Jh1MysHVEcOA3D4q0E3', 0, NULL, NULL),
	(745, 257, 5, 'hOyxSFzX3wce7bsd4yUrQzIkw292', 0, NULL, NULL),
	(746, 257, 6, 'ZPuO87FhKpMDddSEiXnxSz2cgev1', 0, NULL, NULL),
	(747, 257, 7, 'yfcJxYHtYiROow7x6nGWJP2NLZu2', 0, NULL, NULL),
	(748, 257, 8, '0FjPcANm3Jh1MysHVEcOA3D4q0E3', 0, NULL, NULL),
	(749, 258, 52, 'hOyxSFzX3wce7bsd4yUrQzIkw292', 0, NULL, NULL),
	(750, 258, 53, 'ZPuO87FhKpMDddSEiXnxSz2cgev1', 0, NULL, NULL),
	(751, 258, 54, 'yfcJxYHtYiROow7x6nGWJP2NLZu2', 0, NULL, NULL),
	(752, 258, 55, 'dDzrwO98tvPT0g9t0chhffbNkyB3', 0, NULL, NULL),
	(757, 260, 52, 'hOyxSFzX3wce7bsd4yUrQzIkw292', 0, NULL, NULL),
	(758, 260, 53, 'ZPuO87FhKpMDddSEiXnxSz2cgev1', 0, NULL, NULL),
	(759, 260, 54, 'yfcJxYHtYiROow7x6nGWJP2NLZu2', 0, NULL, NULL),
	(760, 260, 55, 'dDzrwO98tvPT0g9t0chhffbNkyB3', 0, NULL, NULL),
	(761, 261, 5, '0FjPcANm3Jh1MysHVEcOA3D4q0E3', 0, NULL, NULL),
	(762, 261, 6, 'ZPuO87FhKpMDddSEiXnxSz2cgev1', 0, NULL, NULL),
	(763, 261, 7, 'yfcJxYHtYiROow7x6nGWJP2NLZu2', 0, NULL, NULL),
	(764, 261, 8, 'dDzrwO98tvPT0g9t0chhffbNkyB3', 0, NULL, NULL),
	(769, 263, 52, '0FjPcANm3Jh1MysHVEcOA3D4q0E3', 0, NULL, NULL),
	(770, 263, 53, 'ZPuO87FhKpMDddSEiXnxSz2cgev1', 0, NULL, NULL),
	(771, 263, 54, 'yfcJxYHtYiROow7x6nGWJP2NLZu2', 0, NULL, NULL),
	(772, 263, 55, 'dDzrwO98tvPT0g9t0chhffbNkyB3', 0, NULL, NULL),
	(777, 265, 5, 'hOyxSFzX3wce7bsd4yUrQzIkw292', 0, NULL, NULL),
	(778, 265, 6, '0FjPcANm3Jh1MysHVEcOA3D4q0E3', 0, NULL, NULL),
	(779, 265, 7, 'yfcJxYHtYiROow7x6nGWJP2NLZu2', 0, NULL, NULL),
	(780, 265, 8, 'dDzrwO98tvPT0g9t0chhffbNkyB3', 0, NULL, NULL),
	(781, 266, 52, 'hOyxSFzX3wce7bsd4yUrQzIkw292', 0, NULL, NULL),
	(782, 266, 53, '0FjPcANm3Jh1MysHVEcOA3D4q0E3', 0, NULL, NULL),
	(783, 266, 54, 'yfcJxYHtYiROow7x6nGWJP2NLZu2', 0, NULL, NULL),
	(784, 266, 55, 'dDzrwO98tvPT0g9t0chhffbNkyB3', 0, NULL, NULL),
	(785, 267, 52, 'hOyxSFzX3wce7bsd4yUrQzIkw292', 0, NULL, NULL),
	(786, 267, 53, 'ZPuO87FhKpMDddSEiXnxSz2cgev1', 0, NULL, NULL),
	(787, 267, 54, '0FjPcANm3Jh1MysHVEcOA3D4q0E3', 0, NULL, NULL),
	(788, 267, 55, 'dDzrwO98tvPT0g9t0chhffbNkyB3', 0, NULL, NULL),
	(789, 268, 52, 'hOyxSFzX3wce7bsd4yUrQzIkw292', 0, NULL, NULL),
	(790, 268, 53, 'ZPuO87FhKpMDddSEiXnxSz2cgev1', 0, NULL, NULL),
	(791, 268, 54, '0FjPcANm3Jh1MysHVEcOA3D4q0E3', 0, NULL, NULL),
	(792, 268, 55, 'dDzrwO98tvPT0g9t0chhffbNkyB3', 0, NULL, NULL),
	(793, 269, 64, 'hOyxSFzX3wce7bsd4yUrQzIkw292', 0, NULL, NULL),
	(794, 269, 65, 'ZPuO87FhKpMDddSEiXnxSz2cgev1', 0, NULL, NULL),
	(795, 269, 66, '0FjPcANm3Jh1MysHVEcOA3D4q0E3', 0, NULL, NULL),
	(796, 269, 67, 'dDzrwO98tvPT0g9t0chhffbNkyB3', 0, NULL, NULL),
	(797, 270, 5, 'hOyxSFzX3wce7bsd4yUrQzIkw292', 0, NULL, NULL),
	(798, 270, 6, 'ZPuO87FhKpMDddSEiXnxSz2cgev1', 0, NULL, NULL),
	(799, 270, 7, 'yfcJxYHtYiROow7x6nGWJP2NLZu2', 0, NULL, NULL),
	(800, 270, 8, '0FjPcANm3Jh1MysHVEcOA3D4q0E3', 0, NULL, NULL),
	(801, 271, 52, 'hOyxSFzX3wce7bsd4yUrQzIkw292', 0, NULL, NULL),
	(802, 271, 53, 'ZPuO87FhKpMDddSEiXnxSz2cgev1', 0, NULL, NULL),
	(803, 271, 54, 'yfcJxYHtYiROow7x6nGWJP2NLZu2', 0, NULL, NULL),
	(804, 271, 55, '0FjPcANm3Jh1MysHVEcOA3D4q0E3', 0, NULL, NULL),
	(809, 273, 52, 'hOyxSFzX3wce7bsd4yUrQzIkw292', 0, NULL, NULL),
	(810, 273, 53, 'ZPuO87FhKpMDddSEiXnxSz2cgev1', 0, NULL, NULL),
	(811, 273, 54, 'yfcJxYHtYiROow7x6nGWJP2NLZu2', 0, NULL, NULL),
	(812, 273, 55, '0FjPcANm3Jh1MysHVEcOA3D4q0E3', 0, NULL, NULL),
	(813, 274, 5, 'hOyxSFzX3wce7bsd4yUrQzIkw292', 0, NULL, NULL),
	(814, 274, 6, 'ZPuO87FhKpMDddSEiXnxSz2cgev1', 0, NULL, NULL),
	(815, 274, 7, 'yfcJxYHtYiROow7x6nGWJP2NLZu2', 0, NULL, NULL),
	(816, 274, 8, '0FjPcANm3Jh1MysHVEcOA3D4q0E3', 0, NULL, NULL),
	(817, 275, 64, 'hOyxSFzX3wce7bsd4yUrQzIkw292', 0, NULL, NULL),
	(818, 275, 65, 'ZPuO87FhKpMDddSEiXnxSz2cgev1', 0, NULL, NULL),
	(819, 275, 66, 'yfcJxYHtYiROow7x6nGWJP2NLZu2', 0, NULL, NULL),
	(820, 275, 67, 'dDzrwO98tvPT0g9t0chhffbNkyB3', 0, NULL, NULL),
	(821, 276, 5, 'hOyxSFzX3wce7bsd4yUrQzIkw292', 0, NULL, NULL),
	(822, 276, 6, 'ZPuO87FhKpMDddSEiXnxSz2cgev1', 0, NULL, NULL),
	(823, 276, 7, 'yfcJxYHtYiROow7x6nGWJP2NLZu2', 0, NULL, NULL),
	(824, 276, 8, 'dDzrwO98tvPT0g9t0chhffbNkyB3', 0, NULL, NULL),
	(825, 277, 52, '0FjPcANm3Jh1MysHVEcOA3D4q0E3', 0, NULL, NULL),
	(826, 277, 53, 'ZPuO87FhKpMDddSEiXnxSz2cgev1', 0, NULL, NULL),
	(827, 277, 54, 'yfcJxYHtYiROow7x6nGWJP2NLZu2', 0, NULL, NULL),
	(828, 277, 55, 'dDzrwO98tvPT0g9t0chhffbNkyB3', 0, NULL, NULL);
/*!40000 ALTER TABLE `exam_impro_ap_parameter` ENABLE KEYS */;

-- Dumping structure for table entities.exam_impro_ap_question
DROP TABLE IF EXISTS `exam_impro_ap_question`;
CREATE TABLE IF NOT EXISTS `exam_impro_ap_question` (
  `id` int(11) NOT NULL AUTO_INCREMENT,
  `exam_impro_ap_criteria_id` int(11) NOT NULL,
  `exam_impro_question_id` int(11) NOT NULL,
  `graded` decimal(10,1) DEFAULT NULL,
  PRIMARY KEY (`id`),
  UNIQUE KEY `criteria_question_unique` (`exam_impro_ap_criteria_id`,`exam_impro_question_id`),
  KEY `FK_exam_impro_ap_question_exam_impro_question` (`exam_impro_question_id`),
  CONSTRAINT `FK_exam_impro_ap_question_exam_impro_ap_criteria` FOREIGN KEY (`exam_impro_ap_criteria_id`) REFERENCES `exam_impro_ap_criteria` (`id`) ON DELETE CASCADE,
  CONSTRAINT `FK_exam_impro_ap_question_exam_impro_question` FOREIGN KEY (`exam_impro_question_id`) REFERENCES `exam_impro_question` (`id`) ON DELETE CASCADE
) ENGINE=InnoDB AUTO_INCREMENT=3120 DEFAULT CHARSET=utf8mb4;

-- Dumping data for table entities.exam_impro_ap_question: ~0 rows (approximately)
DELETE FROM `exam_impro_ap_question`;
/*!40000 ALTER TABLE `exam_impro_ap_question` DISABLE KEYS */;
/*!40000 ALTER TABLE `exam_impro_ap_question` ENABLE KEYS */;

-- Dumping structure for view entities.exam_impro_calificacion
DROP VIEW IF EXISTS `exam_impro_calificacion`;
-- Creating temporary table to overcome VIEW dependency errors
CREATE TABLE `exam_impro_calificacion` (
	`ei_aplication_id` INT(11) NOT NULL,
	`fecha` DATE NULL,
	`materia` VARCHAR(200) NULL COLLATE 'utf8mb4_general_ci',
	`tipo` VARCHAR(50) NOT NULL COLLATE 'utf8mb4_general_ci',
	`estudiante` VARCHAR(100) NOT NULL COLLATE 'utf8mb4_general_ci',
	`maestro` VARCHAR(100) NOT NULL COLLATE 'utf8mb4_general_ci',
	`exam_impro_ap_parameter_id` INT(11) NOT NULL,
	`parametro` VARCHAR(50) NOT NULL COLLATE 'utf8mb4_general_ci',
	`calificacion` DECIMAL(35,1) NULL,
	`comentario` VARCHAR(200) NULL COLLATE 'utf8mb4_general_ci'
) ENGINE=MyISAM;

-- Dumping structure for view entities.exam_impro_calificacion_det
DROP VIEW IF EXISTS `exam_impro_calificacion_det`;
-- Creating temporary table to overcome VIEW dependency errors
CREATE TABLE `exam_impro_calificacion_det` (
	`fecha` DATE NULL,
	`id` INT(11) NOT NULL,
	`materia` VARCHAR(200) NULL COLLATE 'utf8mb4_general_ci',
	`tipo` VARCHAR(50) NOT NULL COLLATE 'utf8mb4_general_ci',
	`estudiante` VARCHAR(100) NOT NULL COLLATE 'utf8mb4_general_ci',
	`exam_impro_ap_parameter_id` INT(11) NOT NULL,
	`maestro` VARCHAR(100) NOT NULL COLLATE 'utf8mb4_general_ci',
	`parametro` VARCHAR(50) NOT NULL COLLATE 'utf8mb4_general_ci',
	`criterio` VARCHAR(50) NOT NULL COLLATE 'utf8mb4_general_ci',
	`aspecto` VARCHAR(50) NOT NULL COLLATE 'utf8mb4_general_ci',
	`calificacion` DECIMAL(13,2) NULL
) ENGINE=MyISAM;

-- Dumping structure for table entities.exam_impro_criteria
DROP TABLE IF EXISTS `exam_impro_criteria`;
CREATE TABLE IF NOT EXISTS `exam_impro_criteria` (
  `id` int(11) NOT NULL AUTO_INCREMENT,
  `label` varchar(50) NOT NULL,
  `exam_impro_parameter_id` int(11) NOT NULL,
  `initially_selected` tinyint(4) NOT NULL DEFAULT 1,
  `idx` tinyint(4) NOT NULL DEFAULT 1,
  `description` varchar(2000) DEFAULT NULL,
  PRIMARY KEY (`id`),
  UNIQUE KEY `exam_impro_parameter_id-label-parameter_id` (`label`,`exam_impro_parameter_id`),
  KEY `exam_impro_criteria_ibfk_1` (`exam_impro_parameter_id`),
  CONSTRAINT `exam_impro_criteria_ibfk_1` FOREIGN KEY (`exam_impro_parameter_id`) REFERENCES `exam_impro_parameter` (`id`) ON DELETE CASCADE
) ENGINE=InnoDB AUTO_INCREMENT=283 DEFAULT CHARSET=utf8mb4;

-- Dumping data for table entities.exam_impro_criteria: ~117 rows (approximately)
DELETE FROM `exam_impro_criteria`;
/*!40000 ALTER TABLE `exam_impro_criteria` DISABLE KEYS */;
INSERT INTO `exam_impro_criteria` (`id`, `label`, `exam_impro_parameter_id`, `initially_selected`, `idx`, `description`) VALUES
	(6, 'Aprendizaje Tecnico', 2, 1, 1, NULL),
	(8, 'Otros', 2, 1, 0, NULL),
	(9, 'Maestria con Alas', 2, 1, 2, NULL),
	(10, 'Presentacion', 2, 1, 3, NULL),
	(32, 'CUERPO', 5, 1, 0, NULL),
	(33, 'ESTETICA DEL MOVIMIENTO', 6, 1, 0, NULL),
	(34, 'EXPRESION CORPORAL', 7, 1, 3, NULL),
	(35, 'MOVIMIENTO CORPORAL', 8, 1, 3, NULL),
	(76, 'Claridad', 2, 1, 4, NULL),
	(82, 'CUERPO', 44, 1, 0, NULL),
	(83, 'ESPACIO', 44, 1, 1, NULL),
	(84, 'TIEMPO', 44, 1, 2, NULL),
	(85, 'ACCION ', 44, 1, 4, NULL),
	(86, 'ENERGIA', 44, 1, 3, NULL),
	(87, 'ESTETICA DEL MOVIMIENTO', 46, 1, 0, NULL),
	(88, 'VELO  ', 46, 1, 1, NULL),
	(90, 'EXPRESION CORPORAL', 47, 1, 0, NULL),
	(91, 'EXPRESION FACIAL ', 47, 1, 1, NULL),
	(92, 'IMAGEN CORPORAL', 47, 1, 2, NULL),
	(93, 'RASGOS DE PERSONALIDAD', 47, 1, 3, NULL),
	(94, 'MOVIMIENTO CORPORAL', 48, 1, 3, NULL),
	(95, 'MUSICOLOGIA ', 48, 1, 2, NULL),
	(96, 'PLANEACION  ', 48, 1, 0, NULL),
	(97, 'ESPACIO', 48, 1, 1, NULL),
	(102, 'ESPACIO', 5, 1, 1, NULL),
	(103, 'TIEMPO', 5, 1, 2, NULL),
	(104, 'ACCION', 5, 1, 3, NULL),
	(105, 'ENERGIA', 5, 1, 4, NULL),
	(106, 'VELO', 6, 1, 1, NULL),
	(108, 'EXPRESIVIDAD', 7, 1, 4, NULL),
	(109, 'IMAGEN CORPORAL', 7, 1, 5, NULL),
	(112, 'MUSICOLOGIA ', 8, 1, 1, NULL),
	(113, 'ESTRUCTURA', 8, 1, 0, NULL),
	(114, 'ESPACIO ', 8, 1, 2, NULL),
	(117, 'CUERPO', 52, 1, 0, NULL),
	(118, 'ESPACIO', 52, 1, 1, NULL),
	(119, 'TIEMPO', 52, 1, 2, NULL),
	(120, 'ACCION ', 52, 1, 3, NULL),
	(121, 'ENERGIA', 52, 1, 4, NULL),
	(123, 'ESTETICA DEL MOVIMIENTO', 53, 1, 0, NULL),
	(124, 'VELO', 53, 1, 1, NULL),
	(126, 'ACCION ', 54, 1, 5, NULL),
	(127, 'TONO', 54, 1, 3, NULL),
	(128, 'CUERPO: VEHICULO DEL PENSAMIENTO', 54, 1, 4, NULL),
	(129, 'AMBIENTE', 54, 1, 6, NULL),
	(130, 'ESTILO DE EXPRESION 1', 54, 1, 0, NULL),
	(131, 'ESTILO DE EXPRESION 2', 54, 1, 1, NULL),
	(132, 'ESTILO DE EXPRESION 3', 54, 1, 2, NULL),
	(134, 'MOVIMIENTO CORPORAL', 55, 1, 3, NULL),
	(135, 'MUSICOLOGIA ', 55, 1, 1, NULL),
	(136, 'DISEÑO', 55, 1, 0, NULL),
	(137, 'ESPACIO', 55, 1, 2, NULL),
	(159, 'SABLE', 53, 1, 9, NULL),
	(160, 'SHAMADAN', 53, 1, 11, NULL),
	(183, 'PRESENTACION VELO', 6, 1, 2, NULL),
	(184, 'ESTILO DE EXPRESION 1', 7, 1, 0, NULL),
	(185, 'ESTILO DE EXPRESION 2', 7, 1, 1, NULL),
	(186, 'ESTILO DE EXPRESION 3', 7, 1, 2, NULL),
	(187, 'PRESENTACION POP ARABE', 6, 1, 4, NULL),
	(188, 'POP ARABE', 6, 1, 3, NULL),
	(189, 'ENTRADA CLASICA', 6, 1, 5, NULL),
	(190, 'PRESENTACION ENTRADA CLASICA', 6, 1, 6, NULL),
	(191, 'ESKANDEREIA', 6, 1, 7, NULL),
	(192, 'PRESENTACION ESKANDEREIA', 6, 1, 8, NULL),
	(193, 'BALADI', 6, 1, 9, NULL),
	(194, 'PRESENTACION BALADI', 6, 1, 10, NULL),
	(195, 'SABLE', 6, 1, 11, NULL),
	(196, 'PRESENTACION SABLE', 6, 1, 12, NULL),
	(197, 'KHALEEGY ', 6, 1, 13, NULL),
	(198, 'PRESENTACION KHALEEGY', 6, 1, 14, NULL),
	(199, 'PRESENTACION VELO ', 46, 1, 2, NULL),
	(200, 'IDENTIDAD', 54, 1, 7, NULL),
	(201, 'PRESENTACION VELO', 53, 1, 2, NULL),
	(202, 'CHAROLA', 53, 1, 13, NULL),
	(203, 'ALAS', 53, 1, 3, NULL),
	(204, 'ESKANDEREIA', 53, 1, 5, NULL),
	(205, 'BALADI', 53, 1, 7, NULL),
	(206, 'TAXIM', 53, 1, 15, NULL),
	(207, 'KHALEEGY', 53, 1, 17, NULL),
	(209, 'PRESENTACION ALAS', 53, 1, 4, NULL),
	(210, 'PRESENTACION ESKANDEREIA', 53, 1, 6, NULL),
	(211, 'PRESENTACION BALADI', 53, 1, 8, NULL),
	(212, 'PRESENTACION SABLE', 53, 1, 10, NULL),
	(213, 'PRESENTACIÓN SHAMADAN', 53, 1, 12, NULL),
	(214, 'PRESENTACION CHAROLA', 53, 1, 14, NULL),
	(215, 'PRESENTACION TAXIM', 53, 1, 16, NULL),
	(216, 'PRESENTACION KHALEEGY', 53, 1, 18, NULL),
	(217, 'CUERPO', 64, 1, 0, NULL),
	(218, 'ACCION ', 64, 1, 3, NULL),
	(219, 'ESPACIO', 64, 1, 1, NULL),
	(220, 'TIEMPO', 64, 1, 2, NULL),
	(221, 'ENERGIA ', 64, 1, 4, NULL),
	(222, 'ESTETICA DEL MOVIMIENTO', 65, 1, 0, NULL),
	(223, 'TAXIM ', 65, 1, 1, NULL),
	(224, 'PRESENTACION TAXIM ', 65, 1, 2, NULL),
	(225, 'ACCION TIPO', 66, 1, 3, 'Las acciones del PERSONAJE'),
	(226, 'TONO TIPO', 66, 1, 4, 'El tono en que el PERSONAJE comunica el mensaje.'),
	(227, 'CUERPO : VEHICULO DEL PENSAMIENTO TIPO ', 66, 1, 5, 'El cuerpo le sirve al PERSONAJE para comunicar su mensaje.'),
	(228, 'IDIOSINCRASIA TIPO', 66, 1, 7, 'El carácter distintivo del PERSONAJE como individuo.'),
	(229, 'AMBIENTE TIPO', 66, 1, 6, 'El entorno del PERSONAJE'),
	(230, 'DISPOSICION', 67, 1, 0, NULL),
	(231, 'MUSICOLOGIA', 67, 1, 1, NULL),
	(232, 'ESPACIO', 67, 1, 2, NULL),
	(233, 'MOVIMIENTO CORPORAL', 67, 1, 3, NULL),
	(235, 'TARAB ', 65, 1, 3, NULL),
	(236, 'PRESENTACION TARAB ', 65, 1, 4, NULL),
	(265, 'ESTILO DE EXPRESION 1', 66, 1, 0, 'Forma de expresión del PERSONAJE'),
	(266, 'ESTILO DE EXPRESION 3', 66, 1, 2, 'Forma de expresión del PERSONAJE'),
	(268, 'ESTILO DE EXPRESION 2', 66, 1, 1, 'Forma de expresión del PERSONAJE'),
	(270, 'CHAROLA', 6, 1, 15, NULL),
	(271, 'PRESENTACION CHAROLA', 6, 1, 16, NULL),
	(277, 'Criterio_1', 79, 1, 0, 'description del criterio 1 parametro 2'),
	(278, 'Criterio_2', 79, 1, 1, 'description del criterio 2 parametro 2'),
	(279, 'Criterio_2 2', 79, 1, 2, 'description del criterio 2 parametro 2'),
	(280, 'Criterio_1', 80, 1, 0, 'este es my criterio 1 de par2'),
	(281, 'Criterio_2', 80, 1, 1, 'este es my criterio 2 de par2'),
	(282, 'Criterio_3', 80, 1, 2, 'Este criterio fue adicionado y finalmente 1 modificado');
/*!40000 ALTER TABLE `exam_impro_criteria` ENABLE KEYS */;

-- Dumping structure for table entities.exam_impro_parameter
DROP TABLE IF EXISTS `exam_impro_parameter`;
CREATE TABLE IF NOT EXISTS `exam_impro_parameter` (
  `id` int(11) NOT NULL AUTO_INCREMENT,
  `exam_impro_type_id` int(11) NOT NULL,
  `label` varchar(50) NOT NULL,
  `idx` int(11) NOT NULL,
  `description` varchar(2000) DEFAULT NULL,
  PRIMARY KEY (`id`),
  KEY `exam_impro_parameter_ibfk_1` (`exam_impro_type_id`),
  CONSTRAINT `exam_impro_parameter_ibfk_1` FOREIGN KEY (`exam_impro_type_id`) REFERENCES `exam_impro_type` (`id`) ON DELETE CASCADE
) ENGINE=InnoDB AUTO_INCREMENT=81 DEFAULT CHARSET=utf8mb4;

-- Dumping data for table entities.exam_impro_parameter: ~19 rows (approximately)
DELETE FROM `exam_impro_parameter`;
/*!40000 ALTER TABLE `exam_impro_parameter` DISABLE KEYS */;
INSERT INTO `exam_impro_parameter` (`id`, `exam_impro_type_id`, `label`, `idx`, `description`) VALUES
	(2, 1, 'Dificultad Tecnica y Complementos', 0, NULL),
	(5, 2, 'Habilidad Técnica', 0, 'La ejecutante realiza, con destreza y resistencia, los movimientos característicos de la danza oriental. '),
	(6, 2, 'Ejecución Elegante ', 1, 'La ejecutante muestra habilidad y soltura en el baile. Es minuciosa con sus movimientos y los ordena para obtener lo que desea. No se observan problemas para realizar los pasos. '),
	(7, 2, 'Expresión Escénica  ', 2, 'La ejecutante expone sus emociones y afectos sirviéndose de los movimientos corporales, acompañados con música.'),
	(8, 2, 'Composición Estructurada', 3, 'La composición tiene orden. Los movimientos están distribuidos, apropiadamente, en la pieza musical.'),
	(44, 9, 'Conocimientos Técnicos ', 0, 'La ejecutante conoce los movimientos básicos de la danza oriental y los reproduce satisfactoriamente.'),
	(46, 9, 'Ejecución Coordinada ', 1, 'La ejecutante logra unificar su cuerpo, el complemento y la música; mostrándose como un conjunto armonioso.'),
	(47, 9, 'Identidad Personal', 2, 'La ejecutante sabe cuáles son los rasgos que la caracterizan frente a los demás. '),
	(48, 9, 'Composición Planificada ', 3, 'La ejecutante elabora, previamente, un modelo o proyecto de lo que será su actuación. Sus acciones se ven dirigidas.'),
	(52, 3, 'Precisión Técnica', 0, 'La ejecutante tiene la capacidad de realizar con destreza y precisión  los movimientos característicos de la danza oriental.'),
	(53, 3, 'Ejecución Consolidada', 1, 'La ejecución da muestra de una perfecta disciplina por parte de la estudiante. Decide, resuelve y concluye todas sus acciones de manera efectiva.'),
	(54, 3, 'Proyección Escénica ', 2, 'La ejecutante se mantiene concentrada en lo que está haciendo en el escenario. Su mente y cuerpo están presentes en el escenario, transmitiendo al espectador lo que sabe y siente.'),
	(55, 3, 'Composición Diseñada ', 3, 'La composición tiene un orden detallado, dando énfasis a la estética del movimiento. Las secuencias están preparadas, de manera creativa, para ser útiles y efectivas en la ejecución.'),
	(64, 21, 'Perfección Técnica', 0, 'La intérprete se distingue por su elevada calidad técnica.'),
	(65, 21, 'Ejecución Perfeccionada', 1, 'La intérprete exhibe el dominio de su cuerpo, de la música, el espacio y de sus emociones; manejandose con desenvoltura.'),
	(66, 21, 'Interpretación', 2, 'La interprete analiza la realidad material, la comprende y la RECONSTRUYE, mostrando su visión. No solo reproduce estereotipos, emociones, afectos o cultura.'),
	(67, 21, 'Composición Destacada ', 3, 'La composición logra ser importante por representar y significar algo.'),
	(79, 28, 'Parameter_2', 0, 'description del parametro 2'),
	(80, 28, 'Parameter_2', 1, 'esta es my descripcion del parametro 2');
/*!40000 ALTER TABLE `exam_impro_parameter` ENABLE KEYS */;

-- Dumping structure for table entities.exam_impro_question
DROP TABLE IF EXISTS `exam_impro_question`;
CREATE TABLE IF NOT EXISTS `exam_impro_question` (
  `id` int(11) NOT NULL AUTO_INCREMENT,
  `exam_impro_criteria_id` int(11) NOT NULL,
  `label` varchar(50) NOT NULL,
  `description` varchar(2000) NOT NULL,
  `points` int(11) NOT NULL,
  `idx` int(11) NOT NULL,
  PRIMARY KEY (`id`),
  KEY `exam_impro_question_ibfk_1` (`exam_impro_criteria_id`),
  CONSTRAINT `exam_impro_question_ibfk_1` FOREIGN KEY (`exam_impro_criteria_id`) REFERENCES `exam_impro_criteria` (`id`) ON DELETE CASCADE
) ENGINE=InnoDB AUTO_INCREMENT=683 DEFAULT CHARSET=utf8mb4;

-- Dumping data for table entities.exam_impro_question: ~351 rows (approximately)
DELETE FROM `exam_impro_question`;
/*!40000 ALTER TABLE `exam_impro_question` DISABLE KEYS */;
INSERT INTO `exam_impro_question` (`id`, `exam_impro_criteria_id`, `label`, `description`, `points`, `idx`) VALUES
	(31, 6, 'MIRADA', 'proyección, contacto visual, definición', 1, 0),
	(32, 6, 'SONRISA EXPRESIVA', 'Para expresar diversos grados de placer, regocijo, alegria, felicidad, etc. (Ligeras, normales, amplias)', 1, 1),
	(35, 8, 'DISCIPLINA', 'Alta capacidad de atención alas entradas y salidas del escenario, así como a las normas y principios de la danza.', 1, 0),
	(36, 8, 'CAPACIDAD DE CONCENTRACION', 'Buena capacidad de concentración y razonamiento', 1, 1),
	(37, 8, 'MEMORIA', 'Buena capacidad e recordar pasos, ideas, ', 1, 2),
	(38, 8, 'PERSEVERANCIA', 'Capacidad de afrontar contratiempos', 1, 3),
	(100, 76, 'Escriba otra', 'descripcion clara', 1, 0),
	(106, 82, 'Línea corporal', 'Colocación y  alineación óptima, posiciones precisas, movimientos elementales perfeccionados. Los movimientos dan énfasis a partes específicas del cuerpo: Cabeza, cuello, extremidades superiores, inferiores y tronco.', 1, 0),
	(108, 82, 'Flexibilidad', 'Capacidad que permite realizar movimientos con la máxima amplitud posible en una articulación determinada', 1, 1),
	(110, 83, 'Orientación', 'Óptima orientación de su cuerpo y movimientos hacia objetos o puntos  en el espacio. Abierto, cerrado, de perfil y cuartos.', 1, 0),
	(111, 83, 'Ubicación', 'Manejo óptimo de las lineas imaginarias que dividen el espacio de manera horizontal y vertical para la creación del baile', 1, 1),
	(112, 84, 'Duración de movimientos ', 'Los movimientos tienen el tiempo necesario para ser visibles.', 1, 0),
	(113, 85, 'Tamaño', 'Movimientos de impacto visibles, ondulaciones con elongación y amplitud ', 1, 0),
	(114, 85, 'Agilidad', 'Capacidad de realizar los movimientos mostrando el mínimo esfuerzo y ahorrando energía, aun en situaciones que exigen: fuerza, velocidad, flexibilidad y resistencia.', 1, 1),
	(115, 85, 'Control y ajuste', 'Reacción adecuada  a un estímulo constante: gravedad, shimmy, público y afecciones.', 1, 2),
	(116, 85, 'Fluidez', 'Capacidad de reproducir con naturalidad y destreza las posturas y pasos en el baile.', 1, 3),
	(118, 86, 'Fuerza', 'Intensidad con que realiza un movimiento; un aumento  o \ndisminución de la energía y sus respectivas gradaciones. Ejemplo: liviano,  pesado, fuerte, débil, etc.', 1, 0),
	(119, 87, 'Variedad', 'Diversidad de figuras, secuencias, niveles, direcciones y trayectorias espaciales', 1, 0),
	(120, 87, 'Eficacia', 'Los pasos, el ritmo y  la energía necesaria se ven claros, dando el efecto de extensión y suavidad.', 1, 1),
	(121, 87, 'Ejecución en etapa de coordinación ', 'Tiene el costo energético adecuado, el gasto de fuerza necesario, los movimientos son fluidos, amplios y con ritmo lógico.', 1, 2),
	(122, 88, 'Figuras básicas con el velo', 'Mínimo 2 de las siguientes figuras: Burca, abanico, sobre , cascada corta y mariposa', 1, 0),
	(123, 88, 'Pasos característicos', '-Movimientos ondulatorios y vibraciones.\n-Giros y desplazamientos.', 1, 1),
	(124, 88, 'Desafíos', '-El complemento debe permanecer ordenado y arreglado\n-Buena coordinación. Los movimientos deben ser armónicos entre el cuerpo y el velo.\n--Crear figuras en el espacio (mín 2)', 1, 2),
	(125, 88, 'Aspecto del velo', '-Limpio, planchado, tela de chiffón o seda\n-Medidas de 2.50 x 1.20 m.', 1, 3),
	(136, 90, 'Distensión', 'Eliminar tensión y fatiga mediante el dominio corporal', 1, 0),
	(138, 91, 'Mirada', 'Proyección, contacto visual, definición', 1, 0),
	(139, 91, 'Sonrisa expresiva', 'Expresa diversos grados de placer, regocijo, alegría, felicidad, etc', 1, 1),
	(140, 92, 'Percepción del cuerpo', 'Se percibe cómoda con su apariencia', 1, 0),
	(141, 92, 'Percepción motríz', 'Se percibe cómoda con los movimientos', 1, 1),
	(142, 93, 'Disciplina ', 'Alta capacidad de atención tanto en  entradas y salidas del escenario,  como vigilancia en las normas y principios de la danza.', 1, 0),
	(143, 93, 'Capacidad de concentración', 'Buena capacidad de concentración y razonamiento', 1, 1),
	(144, 93, 'Memoria', 'Buena capacidad para recordar pasos, frases e ideas, ', 1, 2),
	(145, 93, 'Perseverancia', 'Capacidad de afrontar contratiempos', 1, 3),
	(146, 94, 'Posicione y colocación', 'Alineación y colocación adecuadas, posiciones precisas', 1, 0),
	(148, 94, 'Equilibrio ', 'Firmeza y solidez del cuerpo sobre su base de apoyo', 1, 1),
	(149, 94, 'Movimientos ondulatorios    ', 'Elongación, amplitud, visibilidad y dirección.', 1, 2),
	(150, 94, 'Movimientos de Impacto .', 'Golpes dirigidos, fuertes, repentinos, con remates.', 1, 3),
	(151, 94, 'Movimientos vibratorios', 'Óptima velocidad, equilibrio y aceleración.', 1, 4),
	(154, 95, 'Instrumentación ', 'Organiza los movimientos según los instrumentos que escucha.', 1, 0),
	(155, 95, 'Sentido rítmico', 'Percibe la sucesión armoniosa y acompasada de la música.', 1, 1),
	(156, 96, 'Tema', 'Motivo general del baile', 1, 0),
	(157, 96, 'Modo a considerar', 'Posición, punto de vista desde el cual se puede considerar algo.', 1, 1),
	(159, 97, 'Espacio escénico ', 'Uso del espacio  físico ', 1, 0),
	(172, 32, 'Diseño corporal', 'La forma o líneas que adquiere el cuerpo en cualquier instante de una danza, pueden ser rectas o curvas (simétrica, asimétrica, estirada, encogida, doblada, redonda, angular o trenzada). Ejem: si un brazo está totalmente estirado y genera una recta, o si está redondeado y genera una curva.', 1, 0),
	(173, 32, 'Equilibrio', 'Equilibrio del cuerpo completo con poca base de sustentación que se mantiene inmóvil y/o sin caerse.', 1, 1),
	(174, 32, 'Disociación ', 'Movimientos diferenciados y separaciones evidentes.', 1, 2),
	(175, 102, 'Uso del espacio', 'El movimiento en conexión con el medio, con las líneas y formas espaciales; los recorridos.', 1, 0),
	(176, 102, 'Trayectoria', 'Los movimientos trazan líneas en el espacio que marcan su trayectoria. Pueden ser directas, curvas, rectas, angulares, en zigzag, inconexas o al azar.', 1, 1),
	(177, 102, 'Proyección espacial ', 'Cuando la bailarina logra transmitir la energía de los movimientos o frases  más allá de su kinesfera, dando la ilusión de que la energía continúa.', 1, 2),
	(178, 103, 'Duración de frases', 'Las frases y secuencias tienen el tiempo necesario para ser visibles, oscilaciones rápidas.', 1, 0),
	(180, 103, 'Frecuencia', 'El número de veces que realiza los movimientos es el adecuado para mostrar habilidad y destreza.', 1, 1),
	(181, 104, 'Coordinación', 'Habilidad y destreza para realizar los movimientos con cada segmento corporal de  manera precisa, ordenada y rápida o lenta', 1, 0),
	(182, 104, 'Transiciones', 'Capacidad de realizar con naturalidad  y destreza las tranciciones entre una secuencia y otra.', 1, 3),
	(183, 104, 'Calidad', 'Conjunto de movimientos que contribuyen Conjunto de movimientos que contribuyen a hacer agradable y valioso el baile.', 1, 1),
	(184, 104, 'Simetría', 'Polaridad, esquema o patrón. Ejem: izquierda-derecha, saltar-agacharse, ABC', 1, 2),
	(185, 105, 'Resistencia', 'El esfuerzo debe ser imperceptible al mantener un movimiento o paso durante el mayor tiempo posible, ', 1, 0),
	(186, 105, 'Cualidad', 'Manifestación adecuada de energía en el baile, por ejemplo, de aspecto fluido, suspendido, suave,suelto, apretado, agudo, balanceado o neutral.', 1, 1),
	(200, 33, 'Etapa: Coordinación fina', 'La coordinación de los movimientos es exitosa aún en condiciones difíciles o no habituales. Los movimientos son fluidos y amplios de forma permanente', 1, 0),
	(202, 106, 'Figuras básicas con el velo', 'Mínimo 3: Burca, abanico, sobre , cascada corta y mariposa', 1, 0),
	(203, 106, 'Pasos característicos', 'Movimientos ondulatorios y vibraciones.\nGiros y desplazamientos.', 1, 1),
	(204, 106, 'Desafíos', '-El complemento debe permanecer ordenado y arreglado\n-Crear figuras en el espacio (mín 3)\n-Los movimientos deben ser armónicos entre el cuerpo y el velo, mostrando una esmerada coordinación  ', 1, 2),
	(211, 34, 'Comunicación ', 'Movimientos justificados  que favorezcan el intercambio de información o que compartan un poco de sí mismas.', 1, 0),
	(212, 34, 'Confianza', 'Seguridad, confianza física y carisma al bailar.', 1, 1),
	(213, 34, ' Comprensión musical', 'Entendimiento de música, letra y ritmos presentes.   ', 1, 2),
	(215, 34, 'Aspecto', 'Postura del cuerpo que adopta la ejecutante, cuando expresa un estado de ánimo.', 1, 3),
	(216, 34, 'Sentido ', '\nPasos que incluyan o expresen un sentimiento', 1, 4),
	(217, 108, 'Manipulación ', 'Movimientos expresivos con las manos que creen objetos imaginarios, realicen acciones físicas, manifiesten intensión o sentimiento.', 1, 0),
	(218, 108, 'Gesto Facial', '-Mirada, cejas, boca. \n-Mostrar emociones como alegría, amor, tristeza, decepción, desprecio, ira, miedo, interés, maldad.', 1, 1),
	(219, 109, 'Percepción pública', 'Se percibe cómoda ante la mirada de los demás.', 1, 0),
	(232, 35, 'Variedad de movimientos', 'Diversidad de movimeintos, pasos y secuencias', 1, 0),
	(233, 35, 'Movimientos de transición', 'Mostrar naturalidad en la transición entre un movimiento y otro.', 1, 1),
	(235, 35, 'Fluidez', 'Naturalidad al  ejecutar secuencias y pasos.', 1, 2),
	(237, 112, 'Conexión musical', 'La bailarina establece una relación con: la melodía, instrumentos y la voz en la música; en favor del baile', 1, 0),
	(238, 112, 'Ritmo y Métrica', 'Distingue y utiliza el pulso y el acento dando énfasis al ritmo.', 1, 1),
	(240, 113, 'Continuidad', 'Persistencia en el objetivo, significado o trayectoria del baile', 1, 0),
	(241, 113, 'Orden', 'Colocación y disposición de los movimientos y frases para el desarrollo del baile.', 1, 1),
	(242, 114, 'Espacio parcial', 'Uso del espacio sin desplazamiento', 1, 0),
	(243, 114, 'Espacio restringido', 'Uso del espacio con desplazamiento lineal, curvo o circular.', 1, 1),
	(249, 117, 'Sistemas del cuerpo', 'La manera en que la bailarina utiliza la respiración, el sistema muscular, el esqueleto, los órganos del cuerpo, el balance y reflejos para expresar en el baile.', 1, 0),
	(251, 117, 'Forma de las frases', 'El cuerpo muestra formas definidas durante las acciones y sus transformaciones ', 1, 1),
	(252, 118, 'Diversidad espacial', '-Manejo adecuado de los niveles: medio, medio-alto, medio-bajo, bajo y piso.\n-Diversidad de movimientos en el espacio', 1, 0),
	(253, 118, 'Progresión espacial ', 'Son las rectas y curvas imaginarias que la bailarina traza al desplazarse por el espacio total.', 1, 1),
	(254, 119, 'Duración', 'Las frases, secuencias y secciones en la coreografía tienen el tiempo necesario para ser comprendidas por el espectador', 1, 0),
	(255, 119, 'Velocidad', 'Los movimientos, frases y secuencias cuentan con las variaciones de velocidad adecuadas.', 1, 1),
	(256, 119, 'Intensidad', 'Correctos matices de las frases, secuencias y secciones en la coreografía', 1, 2),
	(257, 119, 'Ritmo ', 'El significado de las secuencias se presenta de forma organizada: inicio, desarrollo y final', 1, 3),
	(258, 120, 'Mov. estacionarios precisos', 'Precisión en los movimientos que se ejecutan en un punto específico del espacio sin viajar mucho.', 1, 0),
	(259, 120, 'Mov. desplazados precisos', 'Precisión en los movimientos que se trasladan en el espacio tales como correr, saltar cubriendo mucho espacio, caminar o gatear', 1, 1),
	(260, 120, 'Fluidez', 'Todos los movimientos, pasos y secuencias tienen una motivo dentro de la coreografía y corresponden al tipo de baile.', 1, 2),
	(261, 120, 'Coordinación corporal', 'Coordinación de los movimientos al realizar los cambios entre música y pasos.', 1, 3),
	(262, 121, 'Peso', 'La energía que hace liviano un movimiento, que lo hace rebotar, que envía el peso hacia arriba o hacia abajo, que se estira horizontalmente.', 1, 0),
	(263, 121, 'Potencia', 'Dominio de la cantidad  de energía con la que la bailarina ejecuta las frases y secuencias en la coreografía.', 1, 1),
	(275, 123, 'Variedad', 'Diversidad de figuras, secuencias, niveles, direcciones y trayectorias espaciales', 1, 2),
	(276, 123, 'Eficacia', 'La ejecución de las acciones, en la coreografía, tiene la capacidad de lograr el efecto que se desea o se espera.', 1, 3),
	(277, 123, 'Sincronización estética', 'La ejecución tiene armonía, gracia y belleza.', 1, 1),
	(278, 123, 'Ejecución en etapa de consolidada', 'La automatización de los movimientos permite a la ejecutante centrar su atención en los puntos críticos del desarrollo motor.', 1, 0),
	(279, 124, 'Figuras básicas con el velo', 'Mínimo 4 figuras: Burca, abanico, sobre , cascada corta y mariposa', 1, 0),
	(280, 124, 'Pasos característicos', '-Movimientos ondulatorios y vibraciones.\n-Giros y desplazamientos.', 1, 1),
	(281, 124, 'Desafíos', '-El complemento debe permanecer ordenado y arreglado.\n-Buena coordinación. Los movimientos deben ser armónicos entre el cuerpo y el velo. \n-Crear figuras en el espacio (mínimo 4)', 1, 2),
	(289, 126, 'Inicio', 'Presentación solida y clara de la ejecutante con respecto al tema o tipo de baile que realizará.', 1, 0),
	(290, 126, 'Desarrollo', 'Acciones derivadas de la situación inicial planteada por la ejecutante', 1, 1),
	(291, 126, 'Desenlace', 'Cierre: Debe existir correlación entre las acciones precedentes y el final.', 1, 2),
	(292, 127, 'Actitud', 'Perspectiva adoptada por la ejecutante, con respecto a un pensamiento, lugar o desarrollo de la obra, a través de emociones. ', 1, 0),
	(293, 127, 'Imaginación y claridad', 'Imaginación para dar vida a los gestos simbólicos, ejecutándolos con claridad;  sin revelar las pasiones desnudas.', 1, 1),
	(294, 128, 'Movimiento sensible ', 'Estado anímico: El movimiento y la energía se unen para proyectar la EMOCION que se pretende.', 1, 0),
	(295, 128, 'Movimiento con propósito', 'Intensión: El movimiento y el gesto se unen para trasmitir, con todo el cuerpo, el PENSAMIENTO', 1, 1),
	(297, 129, 'Espacio Físico abierto', 'La bailarina se muestra con libertad de acción en el espacio. No da indicios de que algo limite o estorbe sus acciones en su ejecución.', 1, 0),
	(300, 130, 'Tipo Monólogo', 'La ejecutante se expresa, mientras tanto el público observa.', 1, 0),
	(301, 131, 'Tipo Soliloquio', 'Reflexión “en voz alta” por parte del bailarín que permite al público asomarse a su interior y conocer sus verdaderos sentimientos, pensamientos e intensiones. ', 1, 0),
	(302, 132, 'Tipo Coloquio', 'Diálogo entre 2 o más personas. ', 1, 0),
	(308, 134, 'Calidad de movimientos', 'Conjunto de movimientos que hacen agradable y valioso el baile', 1, 0),
	(309, 134, 'Precisión ', 'Exactitud en los movimientos, transiciones y secuencias.', 1, 1),
	(310, 134, 'Agilidad ', 'Movimientos en varias direcciones con velocidad, pausas, control y ligereza.', 1, 2),
	(312, 134, 'Conciencia corporal ', 'Conciencia de las posibilidades y limitaciones de su cuerpo.\nConciencia de posturas y movimientos con respecto al campo visual del público:frontal, contrario, espaldas, diagonal.', 1, 3),
	(313, 135, 'Conocimiento musical', 'Utiliza y comprende la letra, instrumentos y melodía de la música\nSabe manejar su cuerpo y lo pone a disposición de los instrumentos, la voz y la melodía para consolidar su ejecución.', 1, 0),
	(314, 135, 'Relación en el tiempo', 'Realizar movimientos al unísono, de momento o contínuos; predecibles o impredecible; rápidos o lentos', 1, 1),
	(315, 135, 'Marcaje', 'Utiliza el ritmo para marcar  movimientos opuestos o diferentes', 1, 2),
	(316, 136, 'Orden', '-Precisión en el orden de los acontecimientos: cronológicamente (lineal), la historia comienza y acaba del mismo modo (circular), o en medio del asunto (in media res)\n-Transformación del baile de menos a más o viceversa ', 1, 0),
	(318, 136, 'Frecuencia', 'Regularidad con que suceden o se repiten los movimientos.', 1, 1),
	(320, 137, 'Espacio compartido', 'Diálogo corporal e interacción con otros espacios o personas. Mi espacio, tu espacio, nuestro espacio.', 1, 0),
	(347, 159, 'Formas con el sable', 'Mínimo 3 de las sig formas: Equilibrios sobre la cabeza, el vientre, hombro, pierna y  planta del pie.', 1, 0),
	(348, 159, 'Pasos característicos', '-Predominan las ejecuciones en el nivel medio y piso.\n-Movimientos de impacto, ondulaciones y vibraciones.\n-Figuras (mín 1): escorpión y escuadra\n-Opcional: Caída turca', 1, 1),
	(349, 159, 'Desafíos', '-Máximo equilibrio, sentido del ritmo y melodía. Mucha precisión y coordinación psicomotora. \n-Entre el cuerpo y el complemento debe haber una relación de fuerza, seguridad y confianza.', 1, 2),
	(350, 159, 'Aspecto del sable ', '-El sable debe estar completo de punta a mango, firmemente soldado, sin filo, especiales para danza oriental, color dorado o plateado.\n-Son de aluminio, curvados, con un peso de 600 a 800 gr. y 80 cm a 1 m de largo.\n-En caso de ejecuciones con dos sables: deberán ser iguales en peso y forma.', 1, 3),
	(351, 160, 'Formas con el shamadan', '-Debe permanecer sobre la cabeza, firme y equilibrado.', 1, 0),
	(352, 160, 'Pasos característicos', '-Ejecuciones en tres nivel: medio, bajo y piso.\n-Predominan los movimientos ondulatorios, de impacto y vibratorios.', 1, 1),
	(353, 160, 'Desafíos', '-Excelente equilibrio con el complemento.\n-Gran percepción de su eje de gravedad y fuerza en el cuello.\n-Seguridad y confianza al ejecutar los movimientos y transiciones.\n-Sentido del ritmo y melodía.', 1, 2),
	(354, 160, 'Aspecto del shamadan  ', '-Debe tener mín. 5 velas de cera o led y deben permanecer encendidas durante toda la ejecución. Adornos en dorado o plateado, puede tener cristales.\n-Equilibrado y ajustado correctamente a la cabeza, \n-Arriba de las cejas, evitando taparlas o fruncir el ceño.', 1, 3),
	(396, 102, 'Dirección', 'Ondulaciones y golpes dirigidos. Desplazamientos con una dirección específica: hacia el frente, hacia atrás, hacia el lado, de manera diagonal.', 1, 3),
	(397, 33, 'Eficacia', 'La ejecución de las acciones, en la coreografía, tiene la capacidad de lograr el efecto que se desea o se espera.', 1, 1),
	(399, 183, ' Aseo personal', 'Manos, rodillas y pies limpios.', 1, 0),
	(400, 183, 'Vestuario', 'TRAJE: En dos piezas, falda o pantalón. Escote al gusto.\nCALZADO: descalza.\nCUERPO: Los brillos sobre la piel son indispensables.\n', 1, 1),
	(401, 183, 'Maquillaje', 'OJOS: Smoke eyes en combinación negro con dorado, plateado o bronce.\nLABIOS: color rojo.\nPESTAÑAS: postizas colocadas de manera que se vean naturales.\n', 1, 2),
	(402, 183, 'Peinado', 'CABELLO suelto o recogido en chongo alto.\n-Es una falta que el cabello no permita ver los gestos faciales.', 1, 3),
	(403, 183, 'Accesorios', 'JOYERÍA: elaborada con pedrería en plata, tornasol o dorada.', 1, 4),
	(404, 184, 'Tipo: Monólogo', 'La ejecutante se expresa, mientras tanto el público observa.', 1, 0),
	(407, 185, 'Tipo: Soliloquio', 'Reflexión “en voz alta” por parte del bailarín que permite al público asomarse a su interior y conocer sus verdaderos sentimientos, pensamientos e intensiones.', 1, 0),
	(408, 186, 'Tipo: Coloquio', 'Diálogo entre 2 o más personas ', 1, 0),
	(409, 108, 'Intensidad ', 'Nivel de energía con que se manifiesta la expresión durante la actuación.', 1, 2),
	(410, 35, 'Balance', 'Equilibrio entre baile y acrobacias para conseguir movimientos eficaces.', 1, 3),
	(411, 188, 'Pasos característicos', '-El baile presenta movimientos estándar de impacto, ondulaciones y vibraciones.\n-Predomina el nivel medio. \n-La ejecución es con desplazamientos ', 1, 0),
	(412, 188, 'Desafíos', '-Memoria y fluidez para dar variedad a los movimientos y combinaciones de pasos.\n-Confianza y seguridad en la ejecución.\n-Manejo de público.', 1, 1),
	(413, 188, 'Aspecto ', 'Divertida, afable e ingeniosa.', 1, 2),
	(415, 113, 'Distribución', 'Dividir el baile en minutos o secciones designando los pasos que a cada una correspondan.', 1, 2),
	(416, 112, 'Interacción musical', 'Responde a los estímulos músicales', 1, 2),
	(417, 33, 'Variedad', 'Diversidad de figuras, secuencias, niveles, direcciones y trayectorias espaciales', 1, 2),
	(418, 106, 'Aspecto del velo', '-Limpio, planchado, tela de chiffón o seda\n-Medidas de 2.50 x 1.20 m.', 1, 3),
	(419, 187, 'Aseo personal', 'Manos, rodillas y pies limpios.', 1, 0),
	(420, 187, 'Vestuario', 'TRAJE: Opcional una o dos piezas.\nCALZADO: descalza.\nCUERPO: Los brillos sobre la piel son indispensables.', 1, 1),
	(421, 187, 'Maquillaje', 'OJOS: Smoke eyes en combinación negro con dorado, plateado o bronce. \nLABIOS:color rojo.\nPESTAÑAS: postizas colocadas de manera que se vean naturales.', 1, 2),
	(422, 187, 'Peinado', 'CABELLO suelto o recogido.\n-Es una falta que el cabello no permita ver los gestos faciales.', 1, 3),
	(423, 187, 'Accesorios', 'JOYERÍA: elaborada con pedrería en plata, tornasol o dorada', 1, 4),
	(424, 189, 'Formas del velo', '-Es opcional al inicio y/o final de la pieza musical. La actividad del velo deben contribuir a identificar la personalidad y el estilo de la bailarina\n-El velo debe tener movimientos fluidos y enlazados con la música. ', 1, 0),
	(425, 189, 'Pasos característicos', '-El chassé debe efectuarse cuando esté presente el ritmo “Malfuf”\n-Los desplazamientos en el espacio escénico son abundantes.\n-Los movimientos de impacto, ondulatorios, vibratorios y giros deben acentuar los ritmos presentes y ser ejecutados de manera oportuna.', 1, 1),
	(426, 190, 'Aseo personal', 'Manos, rodillas y pies limpios.', 1, 0),
	(427, 190, 'Vestuario', 'TRAJE: Opcional una o dos piezas, son permitidos los escotes.\nCALZADO: descalza.\nCUERPO: Los brillos sobre la piel son indispensables.', 1, 1),
	(428, 190, 'Maquillaje', 'OJOS: Smoke eyes en combinación negro con dorado, plateado o bronce. \nLABIOS:color rojo.\nPESTAÑAS: postizas colocadas de manera que se vean naturales.', 1, 2),
	(429, 190, 'Peinado', 'CABELLO suelto o recogido en cola de caballo.\n-Es una falta que el cabello no permita ver los gestos faciales.', 1, 3),
	(430, 190, 'Accesorios', 'JOYERÍA: elaborada con pedrería que refracten la luz.', 1, 4),
	(431, 192, 'Aseo personal', 'Manos, rodillas y pies limpios.', 1, 0),
	(432, 192, 'Vestuario', 'TRAJE: Vestido con olanes en la falda, mangas, en el escote o en las tres. Debe estar ceñido al cuerpo.\nCALZADO: Zapatos de baile latino o folclor (mín  5 cm, máx 8 cm del centro del tacón a la base), color beige adornados con pedrería plata o tornasol.\n-Cuerpo: Los brillos sobre la piel son indispensables.', 1, 1),
	(433, 192, 'Maquillaje', 'OJOS: Smoke eyes en combinación negro con dorado, plateado o bronce. \nLABIOS: color rojo.\nPESTAÑAS: postizas colocadas de manera que se vean naturales.', 1, 2),
	(434, 192, 'Peinado', 'PEINADO: Con dos trenzas largas y con una diadema de flores con colores vivos o vistosos.\n-Es una falta que el cabello no permita ver los gestos faciales.', 1, 3),
	(435, 192, 'Accesorios', 'JOYERÍA: collares brazaletes y aretes llamativos de color dorado, plateado o con acordes al tono del vestido o flores.', 1, 4),
	(436, 194, 'Aseo personal', 'Manos, rodillas y pies limpios.', 1, 0),
	(437, 194, 'Vestuario', 'TRAJE: Opcional una o dos piezas, son permitidos los escotes.\nCALZADO: descalza \nCUERPO: Los brillos sobre la piel son indispensables.\n', 1, 1),
	(438, 194, 'Maquillaje', 'OJOS: Smoke eyes en combinación negro con dorado, plateado o bronce. \nLABIOS: color rojo.\nPESTAÑAS: postizas colocadas de manera que se vean naturales.', 1, 2),
	(439, 194, 'Peinado', 'CABELLO suelto o recogido en cola de caballo.\n-Es una falta que el cabello no permita ver los gestos faciales.', 1, 3),
	(440, 194, 'Accesorios', 'JOYERÍA: elaborada con pedrería que refracten la luz', 1, 4),
	(441, 196, 'Aseo personal', 'Manos, rodillas y pies limpios.', 1, 0),
	(442, 196, 'Vestuario', 'TRAJE: De dos piezas, con tela lycra,  pantalón y escote.\nCALZADO: descalza \nCUERPO: Los brillos sobre la piel son indispensables.', 1, 1),
	(443, 196, 'Maquillaje', 'OJOS: Smoke eyes en combinación negro con dorado, plateado o bronce. \nLABIOS: color rojo.\nPESTAÑAS: postizas colocadas de manera que se vean naturales.', 1, 2),
	(444, 196, 'Peinado', 'CABELLO trenzado a la altura de la coronilla, o bien con el cabello suelto con una banda a tono. \n-Es una falta que el cabello no permita ver los gestos faciales.', 1, 3),
	(445, 196, 'Accesorios', 'JOYERÍA: elaborada con pedrería que refracten la luz.', 1, 4),
	(446, 198, 'Aseo personal', 'Manos, rodillas y pies limpios.', 1, 0),
	(447, 198, 'Vestuario', '-TRAJE:\n*TRADICIONAL EXTERIOR: es una túnica ancha y rectangular. Es común que la tela sea transparente de cualquier color, para crear un efecto traslúcido. A veces está bordado en el pecho, cuello y muñecas con ornamentos que refractan la luz. O tambien decoraciones con lentejuelón y canutillo.\n*EL VESTIDO INTERIOR puede ser de una o dos piezas. Puede ser falda o pantalón combinados con el color de la túnica exterior.\n-Calzado: descalza.\n', 1, 1),
	(448, 198, 'Maquillaje', 'OJOS: Smoke eyes en combinación negro con dorado, plateado. \nLABIOS: color rojo.\nPESTAÑAS: postizas colocadas de manera que se vean naturales.', 1, 2),
	(449, 198, 'Peinado', 'CABELLO suelto.\n-Es una falta que el cabello no permita ver los gestos faciales.', 1, 3),
	(450, 198, 'Accesorios', 'JOYERÍA:Collares brazaletes y aretes llamativos de color dorado, plateado o con acordes al tono del thobe.\n', 1, 4),
	(451, 189, 'Desafíos', '-Buena coordinación psicomotora\n-Rápida identificación de los ritmos, memoria para los pasos característicos e ingenio para combinarlos. \n-Manejo de público', 1, 2),
	(452, 189, 'Aspecto del velo', '-En caso de usar velo deberá estar limpio, planchado y de tela chiffón o seda.', 1, 3),
	(454, 191, 'Formas con la melaya', 'Mínimo 3 de las sig. formas:\n-Entrada envuelta en vestido con la melaya. \n-Cruzada en el torso. \n-Rehilete con un solo brazo o ambos brazos.\n-Nudo a la cadera ', 1, 0),
	(455, 191, 'Pasos característicos', '-Fluidez al caminatas con tacones.\n-Movimientos y desplazamientos muy expresivos.', 1, 1),
	(456, 191, 'Desafíos', '-Confianza y seguridad en los movimientos y transiciones\n-Buena capacidad interpretativa y conocimiento sólido del origen de este folclor\n-Buena coordinación de movimientos, fluidez y firmeza en la extremidades superiores. ', 1, 2),
	(457, 191, 'Aspecto de la melaya', '-Limpia, cosida y sin arrugas visibles.\n-Tela negra rectangular, con una guía horizontal dorada en el medio, estrech o semi-estrech, opaca.\n-El contorno decorado con lentejuelón ó lentejuela.\n-Medidas:  2.50 m de largo por la medida de la persona de los hombros al tobillo.', 1, 3),
	(458, 193, 'Pasos característicos', 'Ejecutar con claridad las fases: \n1-TAXIM=interpretación tipo soliloquio, movimientos en sitio con ondulaciones lentos y profundas. Giros y vibraciones.\n2-EL AWWALI (inicio)=interpretación tipo monólogo, movimientos según la interacción de los instrumentos presentes. Desplazamientos, ondulaciones, golpes. \n3-BALADI=interpretación tipo monólogo, movimientos lentos y profundos. Enfatizan el ritmo con un solido marcaje hacia abajo.\n4- El Akhir (final)=interpretación tipo monólogo o diálogo, movimientos rápidos acompañados de giros, golpes y vibraciones para terminar con fuerza.', 1, 0),
	(459, 193, 'Desafíos', '-Ejecutar movimientos visualmente expresivos en las diferentes fases del baladi y con la correcta interpretación.\n-Con el cuerpo debe mostrar el característico esquema musical de la pieza: “in crescendo”.\n-Excelente reconocimiento de los ritmos característicos, memoria y agilidad para realizar los pasos y las expresiones características de forma inmediata.\n-Debe apreciarse, de manera evidente, sensualidad y fuerza.', 1, 1),
	(460, 193, 'Apariencia', 'Elegante-sensual.', 1, 2),
	(461, 195, 'Formas con el sable', 'Mínimo 2: Equilibrios sobre la cabeza, el vientre, hombro, pierna y  planta del pie.', 1, 0),
	(462, 195, 'Pasos característicos', '-Predominan las ejecuciones en el nivel medio y piso.\n-movimientos de impacto, ondulaciones y vibraciones.\n-FIGURAS (mín. 1): escorpión y escuadra\n-Opcional: Caída turca', 1, 1),
	(463, 195, 'Desafíos', '-Máximo equilibrio, sentido del ritmo y melodía. Mucha precisión y coordinación psicomotora. \n-Entre el cuerpo y el complemento debe haber una relación de fuerza, seguridad y confianza.', 1, 2),
	(464, 195, 'Aspecto del sable', '-La espada debe estar completa de punta a mango, firmemente soldadas, sin filo, especiales para danza oriental, color dorado o plateado.\n-Son curvas de aluminio con un peso de 600 a 800 gr. y 80 cm a 1 m de largo.\n-En caso de ejecuciones con dos espadas deberán ser iguales en peso y forma.', 1, 3),
	(465, 197, 'Formas con el Thobe', 'Mínimo 3 de las sig. formas:\n-Figuras con las mangas para hacer lucir el vestido, encuadrar los ojos , cubrir el cabello \n-Ceñirlo a la cadera o al tronco para mostrar los movimientos de impacto y ondulaciones.', 1, 0),
	(466, 197, 'Pasos característicos', '-Desplazamientos con el paso básico de khaleegy oscilando hacia delante y atrás.\n-Frases en sitio oscilando el tórax y/o la cabeza: hacia los laterales, además de adelante y atrás.\n-Contínua actividad con el cabello.', 1, 1),
	(467, 197, 'Desafíos  ', '-La ejecución debe tener gracia, naturalidad. \n-La bailarina muestra carisma y complicidad al bailar y realizar los gestos.', 1, 2),
	(468, 197, 'Aspecto del Thobe ', 'Thobe limpio, cosido, planchado.', 1, 3),
	(469, 84, 'Ritmo ', 'Pasos rítmicos y cadenciosos', 1, 1),
	(470, 90, 'Gesto', 'Movimientos del cuerpo que expresan o sugieren algo. ', 1, 1),
	(471, 96, 'Esquema', 'La ejecutante tiene una idea general del baile, atendiendo solo a las acciones mas significativas.', 1, 2),
	(472, 97, 'Desplazamientos y Trayectoria', 'Sentido de orientación en el espacio', 1, 1),
	(473, 199, 'Aseo personal', 'Manos, rodillas y pies limpios.', 1, 0),
	(474, 199, 'Vestuario', 'TRAJE: En dos piezas, falda o pantalón. Escote al gusto.\nCALZADO: descalza.\nCUERPO: Los brillos sobre la piel son indispensables.', 1, 1),
	(475, 199, 'Maquillaje', 'OJOS: Smoke eyes, en combinación negro con dorado, plateado o bronce.\nLABIOS: color rojo.\nPESTAÑAS: postizas colocadas de manera que se vean naturales.', 1, 2),
	(476, 199, 'Peinado', 'Cabello suelto o recogido en chongo alto.\n-Es una falta que el cabello no permita ver los gestos faciales.', 1, 3),
	(477, 199, 'Accesorios', 'JOYERÍA: elaborada con pedrería en plata, tornasol o dorada.', 1, 4),
	(481, 126, 'Tensión', 'Acelerar o prolongar la acción, detenerla para que hable la música, anticipar o posponer hechos, ocultar datos y reservarlos para el momento oportuno, centrar la atención en determinados aspectos con menosprecio de otros.', 1, 3),
	(482, 200, 'Singularidad', 'La cualidad que la distingue claramente del resto de las persona y/o bailarina: rasgos físicos, forma de ser o hacer algo, carácter.', 1, 0),
	(483, 200, 'Resistencia', 'Capacidad de mantenerse en control ante situaciones difíciles o de estrés.', 1, 1),
	(484, 134, 'Creatividad', 'Ejecutar con gracia, elegancia, humor y sorpresa los pasos y transiciones.', 1, 4),
	(485, 134, 'Variedad de transiciones', 'Diversidad al iniciar  y finalizar movimientos, pasos y secuencias del baile en su totalidad', 1, 5),
	(486, 124, 'Aspecto del velo', '-Limpio, planchado, tela de chiffón o seda.\n-Medidas de 2.50 x 1.20 m.', 1, 3),
	(487, 201, 'Aseo personal', 'Manos, rodillas y pies limpios.', 1, 0),
	(488, 201, 'Vestuario', 'TRAJE: En dos piezas, falda o pantalón. Escote al gusto.\nCALZADO: descalza \nCUERPO: Los brillos sobre la piel son indispensables.', 1, 1),
	(489, 201, 'Maquillaje', '-Maquillaje: Ojos ahumado (smoke eyes) en combinación negro con dorado, plateado o bronce. Labial de color rojo.\n-Pestañas: postizas colocadas de manera que se vean naturales.', 1, 2),
	(490, 201, 'Peinado', '-Cabello suelto o recogido en chongo alto.\n-Es una falta que el cabello no permita ver los gestos faciales.', 1, 3),
	(491, 201, 'Accesorios', 'Joyería: elaborada con pedrería en plata, tornasol o dorada', 1, 4),
	(492, 203, 'Formas con la alas', 'Mínimo 4 formas: Mariposa, conos, espiral, vuelta plato, capoteo y caja ', 1, 0),
	(493, 203, 'Pasos característicos', '-Abundantes giros y desplazamientos.\n-Movimientos ondulatorios, vibratorios.', 1, 1),
	(494, 203, 'Desafíos', '-Fluidez en los  movimientos: deben haber armonía entre el cuerpo y las alas.\n-Las alas deben permanecer ordenadas y arregladas.\n-Buena coordinación de movimientos y agilidad para realizar los cambios frecuentes propios del complemento.\n-Crear figuras variadas en el espacio (mínimo 4)', 1, 2),
	(495, 203, 'Aspecto de las alas ', '-Limpias y en perfecto estado.\n-La tela debe ser de seda u organza plisada unidas con una tira.\n-Medidas: de alto 150 cm y largo 147cm. \n-Deben llevar en cada contorno lateral,  una vara delgada de acrílico o metal plegable. Punta redonda y mango de goma.\n-Es una falta que la varita se vea expuesta fuera de la bastilla del ala', 1, 3),
	(496, 209, 'Aseo personal', 'Manos, rodillas y pies limpios.', 1, 0),
	(497, 209, 'Vestuario', '-Traje: En una o dos piezas (falda o pantalón). Escote al gusto. ceñido al cuerpo.\n-Calzado: Zapatos de baile latino o folclor color beige adornado con cristales plata o tornasol. O bien, descalza.\n--Cuerpo: Los brillos sobre la piel son indispensables.', 1, 1),
	(498, 209, 'Maquillaje', '-Maquillaje: Ojos ahumado (smoke eyes) en combinación negro con dorado, plateado o bronce. Labial de color rojo.\n-Pestañas: postizas colocadas de manera que se vean naturales.', 1, 2),
	(499, 209, 'Peinado', '-Cabello suelto o recogido en chongo alto.\n--Es una falta que el cabello no permita ver los gestos faciales.', 1, 3),
	(500, 209, 'Accesorios', 'Joyería: elaborada con pedrería en plata, tornasol o dorada.', 1, 4),
	(501, 210, 'Aseo personal', 'Manos, rodillas y pies limpios.', 1, 0),
	(502, 210, 'Vestuario', '-Traje: Vestido con olanes en la falda, mangas, en el escote o en las tres. Debe estar ceñido al cuerpo.\n-Calzado: Zapatos de baile latino o folclor (mín. 5 cm, máx. 8 cm del centro del tacón a la base), color beige adornados con pedrería plata o tornasol o negro de folclor.\n-Cuerpo: Los brillos sobre la piel son indispensables.', 1, 1),
	(503, 210, 'Maquillaje', '-Maquillaje: Ojos ahumado (smoke eyes) en combinación negro con dorado, plateado o bronce. Labial de color rojo.\n-Pestañas: postizas colocadas de manera que se vean naturales.', 1, 2),
	(504, 210, 'Peinado', '-Con dos trenzas largas y con una diadema de flores con colores vivos o vistosos.\n-Es una falta que el cabello no permita ver los gestos faciales.', 1, 3),
	(505, 210, 'Accesorios', 'Collares brazaletes y aretes llamativos de color dorado, plateado o con acordes al tono del vestido o flores.\n', 1, 4),
	(506, 211, 'Aseo personal', 'Manos, rodillas y pies limpios.', 1, 0),
	(507, 211, 'Vestuario', '-Traje: Opcional una o dos piezas, son permitidos los escotes.\n-Calzado: descalza.\n-Cuerpo: Los brillos sobre la piel son indispensables.\n', 1, 1),
	(508, 211, 'Maquillaje', '-Maquillaje: Ojos ahumado (smoke eyes) en combinación negro con dorado, plateado o bronce. Labial color rojo.\n-Pestañas: postizas colocadas de manera que se vean naturales.', 1, 2),
	(509, 211, 'Peinado', '-Cabello suelto o recogido en cola de caballo.\n-Es una falta que el cabello no permita ver los gestos faciales.', 1, 3),
	(510, 211, 'Accesorios', 'Joyería: elaborada con pedrería que refracte la luz.', 1, 4),
	(511, 212, 'Aseo personal', 'Manos, rodillas y pies limpios.', 1, 0),
	(512, 212, 'Vestuario', '-Traje: De dos piezas, con tela lycra,  pantalón y escote.\n-Calzado: descalza\n-Cuerpo: Los brillos sobre la piel son indispensables.', 1, 1),
	(513, 212, 'Maquillaje', '-Maquillaje: Ojos ahumado (smoke eyes) en combinación negro con dorado, plateado o bronce. Labial de color rojo.\n-Pestañas: postizas colocadas de manera que se vean naturales.', 1, 2),
	(514, 212, 'Peinado', '-Cabello trenzado a la altura de la coronilla, o bien con el cabello suelto con una banda a tono. \n-Es una falta que el cabello no permita ver los gestos faciales.', 1, 3),
	(515, 212, 'Accesorios', 'Joyería: elaborada con pedrería que refracten la luz', 1, 4),
	(516, 213, 'Aseo personal', 'Manos, rodillas y pies limpios.', 1, 0),
	(517, 213, 'Vestuario', '-Traje: En dos piezas, falda o pantalón. Escote al gusto.\n-Calzado: Zapatos de baile latino color beige adornado con cristales plata o tornasol. O bien, descalza.\n-Cuerpo: Los brillos sobre la piel son indispensables.\n', 1, 1),
	(518, 213, 'Maquillaje', '-Maquillaje: Ojos ahumado (smoke eyes) en combinación negro con dorado, plateado o bronce. Labial color rojo.\n-Pestañas: postizas colocadas de manera que se vean naturales.', 1, 2),
	(519, 213, 'Peinado', '-Peinado: Cabello suelto cubierto una tela para protegerlo del candelabro.\n-Es una falta que el cabello no permita ver los gestos faciales.', 1, 3),
	(520, 213, 'Accesorios', 'Joyería: elaborada con pedrería en plata, tornasol o dorada\n', 1, 4),
	(521, 214, 'Aseo personal', 'Manos, rodillas y pies limpios.', 1, 0),
	(522, 214, 'Vestuario', '-Traje: En dos piezas, falda o pantalón. Escote al gusto.\n-Calzado: Zapatos de baile latino color beige adornado con cristales plata o tornasol. O bien, descalza.\n-Cuerpo: Los brillos sobre la piel son indispensables.', 1, 1),
	(523, 214, 'Maquillaje', '-Maquillaje: Ojos ahumado (smoke eyes) en combinación negro con dorado, plateado o bronce. Labial color rojo.\n-Pestañas: postizas colocadas de manera que se vean naturales.', 1, 2),
	(524, 214, 'Peinado', '-Peinado: Cabello suelto.\n-Es una falta que el cabello no permita ver los gestos faciales.', 1, 3),
	(525, 214, 'Accesorios', 'Joyería: elaborada con pedrería en plata, tornasol o dorada.', 1, 4),
	(526, 215, 'Aseo personal', 'Manos, rodillas y pies limpios.', 1, 0),
	(527, 215, 'Vestuario', '-Traje: Opcional una o dos piezas, entallados con tela de lycra que refracte la luz. Son permitidos los escotes, \n-Calzado: Zapatos de baile latino (mínimo 5 cm, máximo 8 cm del centro del tacón a la base), color beige o bronce; adornados con pedrería plata o tornasol. O bien descalza.\n-Cuerpo: Los brillos sobre la piel son indispensables.', 1, 1),
	(528, 215, 'Maquillaje', '-Maquillaje: Ojos ahumado (smoke eyes) en combinación negro con dorado, plateado o bronce. Labial color rojo.\n-Pestañas: postizas colocadas de manera que se vean naturales.', 1, 2),
	(529, 215, 'Peinado', '-Cabello suelto o recogido en chongo alto o bajo.\n-Es una falta que el cabello no permita ver los gestos faciales.', 1, 3),
	(530, 215, 'Accesorios', 'Joyería: elaborada con pedrería que refracten la luz', 1, 4),
	(531, 216, 'Aseo personal', 'Manos, rodillas y pies limpios.', 1, 0),
	(532, 216, 'Vestuario', '-Traje:\n*El vestido tradicional exterior: es una túnica ancha y rectangular. Es común que la tela sea transparente de cualquier color, para crear un efecto traslúcido. A veces está bordado en el pecho, cuello y muñecas con ornamentos que refractan la luz. O tambien decoraciones con lentejuelón y canutillo.\n*El vestido interior puede ser de una o dos piezas. Puede ser falda o pantalón combinados con el color de la túnica exterior.\n-Calzado: descalza.', 1, 1),
	(533, 216, 'Maquillaje', '-Maquillaje: Ojos ahumado (smoke eyes) en combinación negro con dorado, plateado. Labial color rojo.\n-Pestañas: postizas colocadas de manera que se vean naturales.\n', 1, 2),
	(534, 216, 'Peinado', '-Cabello suelto.\n-Es una falta que el cabello no permita ver los gestos faciales.\n', 1, 3),
	(535, 216, 'Accesorios', 'Joyería: collares brazaletes y aretes llamativos de color dorado, plateado o con acordes al tono del thobe.', 1, 4),
	(536, 204, 'Formas con la melaya', 'Mínimo 4 de las sig. formas:\n-Entrada envuelta en vestido con la melaya. \n-Cruzada en el torso. \n-Rehilete con un solo brazo o ambos brazos.\n-Nudo a la cadera ', 1, 0),
	(537, 204, 'Pasos característicos', '-Caminatas en tacones con fluidez, desplazamientos.\n-Movimientos muy expresivos.', 1, 1),
	(538, 204, 'Desafíos', '-Confianza y seguridad en los movimientos y transiciones\n-Buena capacidad interpretativa y conocimiento sólido del origen de este folclor\n-Buena coordinación de movimientos, fluidez y firmeza en la extremidades superiores. ', 1, 2),
	(539, 204, 'Aspecto de la melaya', '-Limpia, cocida y sin arrugas visibles.\n-Tela negra rectangular, con una guía horizontal dorada en el medio, estrech o semi-estrech, opaca.\n-El contorno decorado con lentejuelon ó lentejuela.\n-Medidas:  2.50 m de largo por la medida de la persona de los hombros al tobillo.', 1, 3),
	(540, 205, 'Pasos característicos', 'Ejecutar con claridad las fases: \n1-Taxim=interpretación tipo soliloquio, movimientos en sitio con ondulaciones lentos y profundas. Giros y vibraciones.\n2-El Awwali (inicio)=interpretación tipo monólogo, movimientos según la interacción de los instrumentos presentes. Desplazamientos, ondulaciones, golpes. \n3-Baladi=interpretación tipo monólogo, movimientos lentos y profundos. Paso “uno y medio de baladi”, Movimientos de impacto enfatizando el ritmo con un solido marcaje hacia abajo.\n4-El Akhir (final)=interpretación tipo monólogo o diálogo, movimientos rápidos acompañados de giros, golpes y vibraciones para terminar con fuerza.', 1, 0),
	(541, 205, 'Desafíos', '-Ejecutar movimientos visualmente expresivos en las diferentes fases del baladi y con la correcta interpretación.\n-Con el cuerpo debe mostrar el característico esquema musical de la pieza: “in crescendo”.\n-Excelente reconocimiento de los ritmos característicos, memoria y agilidad para realizar los pasos y las expresiones características de forma inmediata.\n-Debe apreciarse, de maenera evidente, sensualidad y fuerza.', 1, 1),
	(542, 205, 'Apariencia', 'Elegante-sensual.', 1, 2),
	(543, 202, 'Formas con la charola', '-Se mantiene firme sobre la cabeza y pudiendo de quitarla para mostrar su equilibrio. \n-Debe mostrar o hacer figuras con una de las velas (como mín.)', 1, 0),
	(544, 202, 'Pasos característicos', '-Ejecuciones en tres nivel: medio, bajo y piso.\n-Predominan los movimientos ondulatorios, de impacto y vibratorios.', 1, 1),
	(545, 202, 'Desafíos', '-Excelente equilibrio con el complemento.\n-Gran percepción de su eje de gravedad y fuerza en el cuello.\n-Seguridad y confianza al ejecutar los movimientos y transiciones.\n-Sentido del ritmo y melodía.', 1, 2),
	(546, 202, 'Aspecto de la charola', '-Equilibrada, con 5 o 10 velas de cera o led encendidas durante toda la ejecución\n-Color Plata o dorado , decorada con cadenas y/o Cristales, \n-El rostro debe estar despejado de cadenas o cristales.', 1, 3),
	(547, 206, 'Pasos característicos', '-Los desplazamientos son cortos, en caso de haberlos.\n-La los movimientos deben ser característicos al instrumento: viento (ondulatorios y giros), cuerda frotada (ondulatorios), cuerda vibrada (ondulatorios adornados con vibraciones), cuerda percusionada (ondulatorios con acentos).', 1, 0),
	(548, 206, 'Desafíos', '-Máximo sentido de la melodía, relacionando el instrumento\n-Concentración y emoción intrínseca con la melodía sin perder la proyección.\n-Coordinación psicomotora y precisión.\n-La expresión debe tener un estilo de reflexión en “voz alta”, evitando el contacto con el espectador.', 1, 1),
	(549, 206, 'Apariencia', 'Muy reflexiva y elegante.', 1, 2),
	(550, 207, 'Formas con el Thobe', '-Figuras con las mangas para hacer lucir el vestido, encuadrar los ojos , cubrir el cabello \n-Ceñirlo a la cadera o al tronco para mostrar los movimientos de impacto y ondulaciones.', 1, 0),
	(551, 207, 'Pasos característicos', '-Desplazamientos con el paso básico de khaleegy oscilando hacia delante y atrás.\n-Frases en sitio oscilando el tórax y/o la cabeza: hacia los laterales, además de adelante y atrás.\n-Continua actividad con el cabello.', 1, 1),
	(552, 207, 'Desafíos ', '-La ejecución debe tener gracia, naturalidad. \n-La bailarina muestra carisma y complicidad al bailar y realizar los gestos.', 1, 2),
	(553, 207, 'Aspecto del Thobe ', 'Thobe limpio, cosido, planchado. ', 1, 3),
	(554, 217, 'Sistemas del cuerpo', 'La manera en que la bailarina utiliza la respiración, el sistema muscular, el esqueleto, los órganos del cuerpo y los reflejos para expresar en el baile.', 1, 0),
	(555, 217, 'Forma de las frases', 'El cuerpo muestra formas definidas durante las acciones y sus transformaciones.', 1, 1),
	(556, 219, 'Diversidad espacial', '-Manejo adecuado de los niveles: medio, medio-alto, medio-bajo, bajo y piso.\n-Diversidad de movimientos en el espacio', 1, 0),
	(557, 219, 'Progresión espacial ', 'Son las rectas y curvas imaginarias que la bailarina traza al desplazarse por el espacio total.', 1, 1),
	(558, 220, 'Duración ', 'Las frases, secuencias y secciones en la coreografía tienen el tiempo necesario para ser comprendidas por el espectador', 1, 0),
	(559, 220, 'Velocidad', 'Los movimientos, frases y secuencias cuentan con las variaciones de velocidad adecuadas.', 1, 1),
	(560, 220, 'Intensidad', 'Correctos matices de las frases, secuencias y secciones en la coreografía', 1, 2),
	(561, 220, 'Ritmo ', 'El significado de las secuencias se presenta de forma organizada: inicio, desarrollo y final', 1, 3),
	(562, 218, 'Mov. estacionarios acertados', 'Perfección en los movimientos que se ejecutan en un punto específico del espacio sin viajar mucho.', 1, 0),
	(563, 218, 'Desplazamientos acertados', 'Perfección en los movimientos que se trasladan en el espacio: caminar, correr, saltar cubriendo mucho espacio.', 1, 1),
	(564, 218, 'Fluidez', 'Todos los movimientos, pasos y secuencias tienen un motivo dentro de la coreografía o corresponden al tipo de baile y al personaje', 1, 2),
	(565, 218, 'Coordinación corporal', 'Coordinación de los movimientos al realizar los cambios entre música y pasos', 1, 3),
	(566, 221, 'Peso', 'La energía que hace liviano un movimiento, que lo hace rebotar, que envía el peso hacia arriba o hacia abajo, que se estira horizontalmente.', 1, 0),
	(567, 221, 'Potencia', 'Dominio de la cantidad  de energía con la que el personaje ejecuta las frases y secuencias en la coreografía.', 1, 1),
	(569, 225, 'Tensión ', 'Acelerar o prolongar la acción, detenerla para que hable la música, anticipar o posponer hechos, ocultar datos y reservarlos para el momento oportuno, ofrecer pistas falsas, centrar la atención en determinados aspectos con menosprecio de otros.', 1, 0),
	(570, 225, 'Situación inicial ', 'Presentación del PERSONAJE: descripción del espacio, tiempo, detealles especiales, rasgos o lugar.', 1, 1),
	(571, 225, 'Desarrollo ', 'Narración de la obra: Acciones derivadas de la situación inicial planteada por el PERSONAJE.', 1, 2),
	(572, 225, 'Desenlace ', 'Cierre de la narración: Debe existir correlación entre los hechos precedentes y el final.', 1, 3),
	(573, 226, 'Actitud ', 'Perspectiva adoptada por un personaje, con respecto a un pensamiento, lugar o desarrollo de la obra, a través de emociones.', 1, 0),
	(574, 226, 'Imaginación y claridad ', 'Imaginación para dar vida a los símbolos que sin revelar las pasiones desnudas, del personaje, hablen de ellas con claridad.', 1, 1),
	(575, 227, 'Movimiento sensible ', 'Estado anímico del personaje: El movimiento y la energía se unen para proyectar la EMOCION que se pretende.', 1, 0),
	(576, 227, 'Pensamiento matriz ', 'El movimiento y el gesto trasmiten el PENSAMIENTO del personaje con todo el cuerpo.', 1, 1),
	(577, 227, 'Dominio corporal ', 'Movimiento corporal voluntario y controlado por el personaje', 1, 2),
	(578, 229, 'Espacio físico ', 'Abierto: Espacio que da libertad al personaje para actuar', 1, 0),
	(579, 229, 'Espacio psicológico ', 'Las circunstancias que rodean e influyen en la forma de actuar del personaje', 1, 1),
	(580, 228, 'Rasgos tipo', 'Mostrar los rasgos peculiares que caracterizan al personaje.\n- La cualidad que lo distingue, claramente, del resto de los personajes. Ejm: rasgos físicos, en su forma de ser, del resto de su entorno, carácter, lo que llama la atención,  comportamiento inusual.', 1, 0),
	(581, 228, 'Resistencia', 'Capacidad de la EJECUTANTE  para mantenerse en control ante situaciones difíciles y  de estrés.', 1, 1),
	(582, 230, 'Orden ', '-Precisión en el orden de los acontecimientos: cronológicamente (lineal), la historia comienza y acaba del mismo modo (circular), o en medio del asunto (in media res)\n- Transformación del baile de menos a mas o viceversa ', 1, 0),
	(583, 230, 'Frecuencia', 'Regularidad con que suceden o se repiten los movimientos.', 1, 1),
	(584, 231, 'Visualización musical ', 'La bailarina forma en la mente una imagen visual de un concepto abstracto con la información que obtiene de la música', 1, 0),
	(585, 231, 'Entorno musical', 'Responde a los estímulos musicales y los provoca en el entorno', 1, 1),
	(586, 231, 'Relación en el tiempo', 'Realizar movimientos al unísono, de momento o contínuos; predecibles o impredecible; rápidos o lentos', 1, 2),
	(587, 232, 'Espacio compartido', 'Diálogo corporal e interacción con otros espacios o personas. Mi espacio, tu espacio, nuestro espacio.', 1, 0),
	(588, 233, 'Calidad de movimientos', 'Conjunto de movimientos que hacen agradable y valioso el baile', 1, 0),
	(589, 233, 'Perfección ', 'Exactitud y excelencia en los movimientos, transiciones y secuencias.', 1, 1),
	(590, 233, 'Agilidad ', 'Movimientos en varias direcciones con velocidad, pausas, control y ligereza.', 1, 2),
	(591, 233, 'Conciencia corporal', 'Conciencia de las posibilidades y limitaciones de su cuerpo.\nConciencia de posturas y movimientos con respecto al campo visual del público: frontal, contrario, espaldas y diagonal', 1, 3),
	(592, 233, 'Creatividad', 'Ejecutar con gracia, elegancia, humor y sorpresa los pasos y transiciones.', 1, 4),
	(593, 233, 'Variedad de transiciones', 'Diversidad al iniciar  y finalizar movimientos, pasos y secuencias del baile en su totalidad.', 1, 5),
	(594, 222, 'Maestría en la ejecución', 'Etapa de perfeccionamientos y disponibilidad variable: La bailarina es dueña de su técnica, puede crear nuevas formas de habilidad, identificándolas como algo propio.', 1, 0),
	(595, 222, 'Variedad', 'Diversidad de figuras, secuencias, niveles, direcciones y trayectorias espaciales', 1, 1),
	(596, 222, 'Eficacia', 'La ejecución tiene la capacidad de lograr el efecto que se desea o se espera.', 1, 2),
	(597, 222, 'Satisfacción estética', '-Transmite satisfacción estética a los espectadores. \n-La bailarina muestra su ingenio relacionando, de manera fluida, las expresiones personales con la música y sus movimientos.', 1, 3),
	(598, 224, 'Aseo personal', 'Manos, rodillas y pies limpios.', 1, 0),
	(599, 224, 'Vestuario', 'TRAJE: Opcional una o dos piezas, entallados con tela de lycra que refracte la luz. Son permitidos los escotes. \nCALZADO: Zapatos de baile latino o folclor (mín. 5 cm, máximo 8 cm del centro del tacón a la base), color beige o bronce; adornados con pedrería plata o tornasol. O bien descalza.\n-Cuerpo: Los brillos sobre la piel son indispensables.', 1, 1),
	(600, 224, 'Maquillaje', 'OJOS: Smoke eyes en combinación negro con dorado, plateado o bronce. \nLABIOS: Labial de color rojo.\nPESTAÑAS: postizas colocadas de manera que se vean naturales.', 1, 2),
	(601, 224, 'Peinado', 'CABELLO suelto o recogido en chongo alto o bajo.\n-Es una falta que el cabello no permita ver los gestos faciales.', 1, 3),
	(602, 224, 'Accesorios', 'JOYERÍA: elaborada con pedrería que refracten la luz', 1, 4),
	(603, 223, 'Pasos característicos', '-Los desplazamientos son cortos, en caso de haberlos.\n-La los movimientos deben ser característicos al instrumento: viento (ondulatorios y giros), cuerda frotada (ondulatorios), cuerda vibrada (ondulatorios adornados con vibraciones), cuerda percusionada (ondulatorios con acentos).', 1, 0),
	(604, 223, 'Desafíos', '-Máximo sentido de la melodía, relacionando el instrumento\n-Concentración y emoción intrínseca con la melodía sin perder la proyección.\n-Coordinación psicomotora y precisión.\n-La expresión debe tener un estilo de reflexión en “voz alta”, evitando el contacto con el espectador.', 1, 1),
	(605, 223, 'Apariencia', 'Muy reflexiva y elegante.', 1, 2),
	(606, 235, 'Pasos característicos', '-Los ademanes y gestos faciales deben respaldar el sentido del legendario tema.\n-Los desplazamientos son cortos y las frases deben tener: precisión, armonía y fluidez .\n-Los pasos característicos de los ritmos presentes, deberán realizarse, pudiendo ser de impacto, ondulatorios, vibratorios y giros. ', 1, 0),
	(607, 235, 'Desafíos', '-La ejecución debe sobresalir en elegancia, naturalidad.\n-Los movimientos deben ser muy visibles y ejecutarse con soltura \n-La consolidación de su estilo se manifiesta al interpretar, en forma y fondo cultural, de manera precisa la canción.', 1, 1),
	(608, 235, 'Aperiencia ', 'Solemne y majestuoso.', 1, 2),
	(609, 236, 'Aseo personal', 'Manos, rodillas y pies limpios.', 1, 0),
	(610, 236, 'Vestuario', 'TRAJE: código de vestimenta formal, tipo gala, preferentemente ajustado.\nCALZADO: Zapatos de baile latino (mín. 5 cm, máx. 8 cm del centro del tacón a la base), color beige o bronce; adornados con pedrería plata o tornasol. \n-Cuerpo: Los brillos sobre la piel son indispensables.', 1, 1),
	(611, 236, 'Maquillaje', 'OJOS: Smoke eyes en combinación negro con dorado, plateado o bronce.\nLABIOS: Labial de color rojo.\nPESTAÑAS: postizas colocadas de manera que se vean naturales.', 1, 2),
	(612, 236, 'Peinado', 'CABELLO Acorde al código de vestimenta formal. \n-Es una falta que el cabello no permita ver los gestos faciales.', 1, 3),
	(613, 236, 'Accesorios', 'JOYERÍA: elaborada con pedrería que refracten la luz', 1, 4),
	(665, 265, 'Tipo: Monólogo', 'El PERSONAJE se expresa, mientras tanto el público observa.', 1, 0),
	(666, 268, 'Tipo: Soliloquio', 'Reflexión “en voz alta” por parte del PERSONAJE que permite al público asomarse a su interior y conocer sus verdaderos sentimientos, pensamientos e intensiones. ', 1, 0),
	(667, 266, 'Tipo: Coloquio', 'Diálogo entre 2 o más personas ', 1, 0),
	(668, 270, 'Formas con la charola', '-Se mantiene firme sobre la cabeza, pudiendo quitarsela  para hacer patente su equilibrio. \n-Debe mostrar o hacer figuras con una de las velas.', 1, 0),
	(669, 270, 'Pasos característicos', '-Predominan los movimientos ondulatorios, de impacto y vibratorios.\n-Mínimo 2:  ejecuciones en tres nivel: medio, bajo y piso.', 1, 1),
	(670, 270, 'Desafíos', '-Excelente equilibrio con el complemento.\n-Gran percepción de su eje de gravedad y fuerza en el cuello.\n-Seguridad y confianza al ejecutar los movimientos y transiciones.\n-Sentido del ritmo y melodía.', 1, 2),
	(671, 270, 'Aspecto de la charola', '-Equilibrada, con 5 o 10 velas de cera o led encendidas durante toda la ejecución\n-Color plata o dorado , decorada con cadenas y/o cristales, \n-El rostro debe estar despejado de cadenas o cristales.', 1, 3),
	(672, 271, 'Aseo personal', 'Manos, rodillas y pies limpios.', 1, 0),
	(673, 271, 'Vestuario', 'TRAJE: En dos piezas,  falda y/o pantalón; escote al gusto. O vestido completo tipo sirena.\nCALZADO: Zapatos de baile latino o folclor color beige adornado con cristales plata o tornasol. O bien, descalza\nCUERPO: Los brillos sobre la piel son indispensables."', 1, 1),
	(674, 271, 'Maquillaje', 'OJOS: Smoke eyes en combinación negro con dorado, plateado o bronce. \nLABIOS: color rojo.\nPESTAÑAS: postizas colocadas de manera que se vean naturales.', 1, 2),
	(675, 271, 'Peinado', 'CABELLO suelto con banda o trenzado\n-Es una falta que el cabello no permita ver los gestos faciales.', 1, 3),
	(676, 271, 'Accesorios', 'JOYERÍA: elaborada con pedrería en plata, tornasol o dorada', 1, 4),
	(681, 278, 'pregunta criterio 2', 'esta pregunta va ha duplicarse', 1, 0),
	(682, 279, 'pregunta criterio 2', 'esta pregunta va ha duplicarse y se duplico bien', 1, 0);
/*!40000 ALTER TABLE `exam_impro_question` ENABLE KEYS */;

-- Dumping structure for table entities.exam_impro_type
DROP TABLE IF EXISTS `exam_impro_type`;
CREATE TABLE IF NOT EXISTS `exam_impro_type` (
  `id` int(11) NOT NULL AUTO_INCREMENT,
  `label` varchar(50) NOT NULL,
  PRIMARY KEY (`id`)
) ENGINE=InnoDB AUTO_INCREMENT=29 DEFAULT CHARSET=utf8mb4;

-- Dumping data for table entities.exam_impro_type: ~6 rows (approximately)
DELETE FROM `exam_impro_type`;
/*!40000 ALTER TABLE `exam_impro_type` DISABLE KEYS */;
INSERT INTO `exam_impro_type` (`id`, `label`) VALUES
	(1, 'prueba'),
	(2, 'Impro 2º'),
	(3, 'Impro 3º'),
	(9, 'Impro 1º'),
	(21, 'Impro 4º'),
	(28, 'tipo de examen de prueba');
/*!40000 ALTER TABLE `exam_impro_type` ENABLE KEYS */;

-- Dumping structure for table entities.role
DROP TABLE IF EXISTS `role`;
CREATE TABLE IF NOT EXISTS `role` (
  `id` varchar(50) NOT NULL,
  KEY `unique_role` (`id`) USING BTREE
) ENGINE=InnoDB DEFAULT CHARSET=utf8mb4;

-- Dumping data for table entities.role: ~5 rows (approximately)
DELETE FROM `role`;
/*!40000 ALTER TABLE `role` DISABLE KEYS */;
INSERT INTO `role` (`id`) VALUES
	('admin'),
	('estudiante'),
	('evaluador'),
	('maestro'),
	('readonly');
/*!40000 ALTER TABLE `role` ENABLE KEYS */;

-- Dumping structure for table entities.user
DROP TABLE IF EXISTS `user`;
CREATE TABLE IF NOT EXISTS `user` (
  `uid` varchar(50) NOT NULL,
  `displayName` varchar(100) DEFAULT NULL,
  `email` varchar(50) NOT NULL,
  PRIMARY KEY (`uid`) USING BTREE,
  UNIQUE KEY `unq_user_email` (`email`)
) ENGINE=InnoDB DEFAULT CHARSET=utf8mb4;

-- Dumping data for table entities.user: ~22 rows (approximately)
DELETE FROM `user`;
/*!40000 ALTER TABLE `user` DISABLE KEYS */;
INSERT INTO `user` (`uid`, `displayName`, `email`) VALUES
	('0FjPcANm3Jh1MysHVEcOA3D4q0E3', '5ROCIO', 'evaluador5@raxacademy.com'),
	('0WLoQ6Ji12Rj7vODfPwrodPoGrv2', 'Blanca', 'blanca.munoz@raxacademy.com'),
	('1TqAY7Z7nNRtRKHmhNU1yZ6oeT33', 'klaudia Gamboa', 'klaudiagamboa@gmail.com'),
	('AbvepmAi29ZRvqng0n0dMwDtasp2', 'Lectura', 'readonly@raxacademy.com'),
	('cZhBd4jR2WSeEheP2DNeprWcMCx2', 'Ana', 'ana.dieck@raxacademy.com'),
	('dDzrwO98tvPT0g9t0chhffbNkyB3', '4ANAG', 'evaluador4@raxacademy.com'),
	('dH2cvBycDuN19UkMpy5piRA7FjA3', 'Vicky', 'rsharkimonterrey@yahoo.com.mx'),
	('eHhHfUFPc3ZLmsmkuu2Irn8M28H3', 'Suhey', 'suhey.torres@raxacademy.com'),
	('fu3YTr776BcUbBgsyRosVqAmnFA2', 'Greta', 'greta.haaz@raxacademy.com'),
	('hOyxSFzX3wce7bsd4yUrQzIkw292', '1MONTSE', 'evaluador1@raxacademy.com'),
	('HRBW9prVWPYYcgl5Yd45aiydqHB2', 'Yelbyz', 'yelbyz.villanueva@raxacademy.com'),
	('irE9NGaE49ej45UbutPnx6kj1Bh2', 'Elisa', 'elisa.hariiq@raxacademy.com'),
	('qyuSGEDqZYOOQBPnsY4hCnL1O7l2', 'Erika', 'erika.siller@raxacademy.com'),
	('RlkkOn3RbpZyq0bOXq4dEBP6Ye02', 'clau.gamboa', 'claudia.gamboa@raxacademy.com'),
	('sDFz7nq2c3hTMq9r7DW8CtmDOHR2', 'Liliana', 'lili.quezada@raxacademy.com'),
	('SgLxpMH3yogpUPZ5sUGg6ddsM3j1', 'Renata', 'renata.aleman@raxacademy.com'),
	('TGHGTlvGFyNQ9eolHZoT3yASa4r2', 'Sofia', 'sofia.fuente@raxacademy.com'),
	('V9J8BmER4iR8qvQdy7AwYqoGCc73', 'Melina', 'melina.diaz@raxacademy.com'),
	('XJhaU0ywmESe68tGdYbHDcECPHC3', 'Felix', 'felix.dolores@raxacademy.com'),
	('yfcJxYHtYiROow7x6nGWJP2NLZu2', '3TITI', 'evaluador3@raxacademy.com'),
	('Zf98UIUGkTXqX7FEbBHY0rFV7ds1', 'rfm24', 'rfmh24hr@gmail.com'),
	('ZPuO87FhKpMDddSEiXnxSz2cgev1', '2MAYRA', 'evaluador2@raxacademy.com');
/*!40000 ALTER TABLE `user` ENABLE KEYS */;

-- Dumping structure for view entities.exam_impro_calificacion
DROP VIEW IF EXISTS `exam_impro_calificacion`;
-- Removing temporary table and create final VIEW structure
DROP TABLE IF EXISTS `exam_impro_calificacion`;
CREATE ALGORITHM=UNDEFINED SQL SECURITY DEFINER VIEW `exam_impro_calificacion` AS select `a`.`id` AS `ei_aplication_id`,`a`.`fechaApplicacion` AS `fecha`,`a`.`materia` AS `materia`,`t`.`label` AS `tipo`,ifnull(`e`.`displayName`,`e`.`email`) AS `estudiante`,ifnull(`m`.`displayName`,`m`.`email`) AS `maestro`,`c`.`exam_impro_ap_parameter_id` AS `exam_impro_ap_parameter_id`,`pt`.`label` AS `parametro`,4.5 + round(5.5 * (sum(`q`.`graded`) / sum(`iq`.`points`)),1) AS `calificacion`,`p`.`comentario` AS `comentario` from ((((((((`exam_impro_ap` `a` join `exam_impro_ap_parameter` `p` on(`p`.`exam_impro_ap_id` = `a`.`id`)) join `exam_impro_ap_criteria` `c` on(`c`.`exam_impro_ap_parameter_id` = `p`.`id`)) join `exam_impro_ap_question` `q` on(`q`.`exam_impro_ap_criteria_id` = `c`.`id`)) join `exam_impro_question` `iq` on(`iq`.`id` = `q`.`exam_impro_question_id`)) join `user` `e` on(`a`.`estudiante_uid` = `e`.`uid`)) join `exam_impro_type` `t` on(`a`.`exam_impro_type_id` = `t`.`id`)) join `exam_impro_parameter` `pt` on(`p`.`exam_impro_parameter_id` = `pt`.`id`)) join `user` `m` on(`p`.`maestro_uid` = `m`.`uid`)) group by `a`.`id`,`p`.`id`;

-- Dumping structure for view entities.exam_impro_calificacion_det
DROP VIEW IF EXISTS `exam_impro_calificacion_det`;
-- Removing temporary table and create final VIEW structure
DROP TABLE IF EXISTS `exam_impro_calificacion_det`;
CREATE ALGORITHM=UNDEFINED SQL SECURITY DEFINER VIEW `exam_impro_calificacion_det` AS select `a`.`fechaApplicacion` AS `fecha`,`a`.`id` AS `id`,`a`.`materia` AS `materia`,`t`.`label` AS `tipo`,ifnull(`e`.`displayName`,`e`.`email`) AS `estudiante`,`c`.`exam_impro_ap_parameter_id` AS `exam_impro_ap_parameter_id`,ifnull(`m`.`displayName`,`m`.`email`) AS `maestro`,`pt`.`label` AS `parametro`,`cr`.`label` AS `criterio`,`iq`.`label` AS `aspecto`,4.5 + `q`.`graded` * 5.5 AS `calificacion` from (((((((((`exam_impro_ap` `a` join `exam_impro_ap_parameter` `p` on(`p`.`exam_impro_ap_id` = `a`.`id`)) join `exam_impro_ap_criteria` `c` on(`c`.`exam_impro_ap_parameter_id` = `p`.`id`)) join `exam_impro_ap_question` `q` on(`q`.`exam_impro_ap_criteria_id` = `c`.`id`)) join `exam_impro_question` `iq` on(`iq`.`id` = `q`.`exam_impro_question_id`)) join `user` `e` on(`a`.`estudiante_uid` = `e`.`uid`)) join `exam_impro_type` `t` on(`a`.`exam_impro_type_id` = `t`.`id`)) join `exam_impro_parameter` `pt` on(`p`.`exam_impro_parameter_id` = `pt`.`id`)) join `exam_impro_criteria` `cr` on(`c`.`exam_impro_criteria_id` = `cr`.`id`)) join `user` `m` on(`p`.`maestro_uid` = `m`.`uid`));

/*!40101 SET SQL_MODE=IFNULL(@OLD_SQL_MODE, '') */;
/*!40014 SET FOREIGN_KEY_CHECKS=IFNULL(@OLD_FOREIGN_KEY_CHECKS, 1) */;
/*!40101 SET CHARACTER_SET_CLIENT=@OLD_CHARACTER_SET_CLIENT */;
/*!40111 SET SQL_NOTES=IFNULL(@OLD_SQL_NOTES, 1) */;
