-- --------------------------------------------------------
-- Host:                         34.70.28.168
-- Server version:               10.3.27-MariaDB-0+deb10u1 - Debian 10
-- Server OS:                    debian-linux-gnu
-- HeidiSQL Version:             11.2.0.6213
-- --------------------------------------------------------

/*!40101 SET @OLD_CHARACTER_SET_CLIENT=@@CHARACTER_SET_CLIENT */;
/*!40101 SET NAMES utf8 */;
/*!50503 SET NAMES utf8mb4 */;
/*!40014 SET @OLD_FOREIGN_KEY_CHECKS=@@FOREIGN_KEY_CHECKS, FOREIGN_KEY_CHECKS=0 */;
/*!40101 SET @OLD_SQL_MODE=@@SQL_MODE, SQL_MODE='NO_AUTO_VALUE_ON_ZERO' */;
/*!40111 SET @OLD_SQL_NOTES=@@SQL_NOTES, SQL_NOTES=0 */;


-- Dumping database structure for entities
CREATE DATABASE IF NOT EXISTS `entities` /*!40100 DEFAULT CHARACTER SET utf8mb4 */;
USE `entities`;

-- Dumping structure for table entities.credentials
CREATE TABLE IF NOT EXISTS `credentials` (
  `token` varchar(50) NOT NULL,
  `expirationDate` datetime NOT NULL,
  `user_id` int(11) NOT NULL DEFAULT 0
) ENGINE=InnoDB DEFAULT CHARSET=utf8mb4;

-- Dumping data for table entities.credentials: ~90 rows (approximately)
DELETE FROM `credentials`;
/*!40000 ALTER TABLE `credentials` DISABLE KEYS */;
INSERT INTO `credentials` (`token`, `expirationDate`, `user_id`) VALUES
	('d095284d-7f1a-4bca-a073-eae0a4b43619', '2021-03-17 07:48:44', 5),
	('67ded0f3-8f44-41e1-b4cb-c991c3854894', '2021-03-17 07:50:48', 3),
	('65ffb6ff-f495-44ca-be6b-29f3b7e7c013', '2021-03-17 07:51:19', 6),
	('8b837b2c-9c9e-434e-9fe3-6b26efcd79e9', '2021-03-17 07:51:30', 7),
	('8f5164be-e3cd-4bd2-b4ba-c4725472da88', '2021-03-17 07:51:47', 8),
	('a7068e6d-21c1-4dc9-848b-c6b74bb85600', '2021-03-17 07:52:07', 1),
	('524969f9-de0d-410c-9cd1-c4c975c0dd2c', '2021-03-17 07:54:02', 3),
	('52fd5ea3-6f35-46aa-b25e-d129e012e429', '2021-03-17 07:56:17', 1),
	('4af7f46d-739d-4802-99d8-0eba84e95435', '2021-03-17 08:01:00', 3),
	('44168ecf-def3-477e-88f3-869058eb2251', '2021-03-17 08:01:31', 5),
	('c38edc55-a1ba-4fd8-9628-505b788cd72d', '2021-03-17 08:02:06', 6),
	('cf8de209-f857-4251-b3f0-71d34f1c7a95', '2021-03-17 08:02:19', 7),
	('550a212c-af91-4543-a87f-c24fa9e71a1c', '2021-03-17 08:02:38', 8),
	('68172f52-570e-4a24-adbd-15d15517c72d', '2021-03-17 08:03:43', 7),
	('d6a8d618-bdf0-4d09-8c15-397a90bd866b', '2021-03-17 08:04:43', 6),
	('2e53342a-717e-46e4-94bd-85bc09ee0741', '2021-03-17 08:05:34', 5),
	('6b1617d2-f9bd-43ea-b013-5610b30c947a', '2021-03-17 08:06:38', 3),
	('a1f9b485-d8ce-4db3-8a5d-c0ab63748991', '2021-03-17 08:07:33', 1),
	('736a6f5c-3681-4446-9a9a-4666e89e8973', '2021-03-17 08:13:30', 1),
	('92023add-60cc-4ea9-b041-d6ef63278f01', '2021-03-17 08:14:15', 3),
	('98776ce5-e15d-4584-b8ba-b47c090159ac', '2021-03-17 08:26:12', 1),
	('97a5d1dc-4b00-4059-9ce2-0aa9d2ba6812', '2021-03-17 09:38:39', 3),
	('e036c039-8cfb-46d5-9f5b-b5feb6b9ac4c', '2021-03-17 09:38:47', 1),
	('7acb04e8-e477-4f2c-86d5-7dc05047de92', '2021-03-17 09:39:59', 3),
	('9bbedfa0-d8b6-46a1-9d1e-4cfb8efd9a73', '2021-03-17 14:26:15', 3),
	('4e32fa6f-d0ee-4c1c-aa6d-9373e3fdf029', '2021-03-17 14:26:27', 5),
	('92389fdb-a6ce-4a01-bee0-8779007dd0c9', '2021-03-17 14:26:44', 1),
	('79b4f8f0-5cbb-429c-9c79-328613494832', '2021-03-17 16:33:00', 1),
	('62fe373c-5235-4437-b347-6d7f57fbc66c', '2021-03-17 17:02:33', 1),
	('e04855ad-6321-4eb5-a03b-a8f3a7e56c72', '2021-03-17 17:10:47', 9),
	('229e26e4-891c-4a57-a5a8-a619be7a69e1', '2021-03-17 17:11:03', 10),
	('2008d31e-65b5-4664-a623-ca41a9095efc', '2021-03-17 17:11:15', 1),
	('f30c7f87-6774-4762-a3f0-adff17b147e1', '2021-03-17 17:12:20', 10),
	('de7bdc70-072a-4875-bbe0-b4057ef03983', '2021-03-17 17:12:36', 9),
	('5a3dd1a3-8c2e-4c0c-bc5c-b466c51f96ab', '2021-03-17 17:14:34', 9),
	('01c2d8dc-e7bb-41af-8efe-15a00770063f', '2021-03-17 17:15:24', 10),
	('bd34dfb4-81de-45bd-9043-60c1773b45a1', '2021-03-17 17:16:12', 1),
	('63f402e3-7b07-474d-824b-357cf3b1c69a', '2021-03-17 17:16:16', 1),
	('bb3b97d0-278b-4158-97da-40e3c1070f0c', '2021-03-17 17:17:34', 1),
	('1c37ce2e-850b-49ee-ba8e-12a05172d515', '2021-03-17 17:18:58', 1),
	('17fa530c-4397-4056-8566-27402f257298', '2021-03-17 17:19:01', 1),
	('7e2de45a-f722-436b-94f7-e233843de673', '2021-03-17 17:23:02', 7),
	('3c3184b0-fdc8-4e94-9f97-72a3938f8780', '2021-03-17 17:23:44', 1),
	('ee135df4-5606-4c22-aacc-8da5c555fdd0', '2021-03-17 17:49:44', 3),
	('7dd05681-6b7d-4839-bcab-ce71967b5da6', '2021-03-17 17:49:54', 1),
	('eb8c4a6c-db9f-4b19-961d-3856de697841', '2021-03-17 18:20:03', 7),
	('9502a1e3-3f9a-487f-bd4a-cc3756733a46', '2021-03-17 18:20:15', 8),
	('d80a9bc7-d2b2-4655-bd5d-6dc7a77ee9e2', '2021-03-17 18:20:27', 5),
	('61ac7a48-1616-4429-a329-b52e7bba5da9', '2021-03-17 18:21:16', 3),
	('18eb707b-82f5-481a-8e79-9b84ad5af7c0', '2021-03-17 18:21:58', 1),
	('ea044b50-5fcb-425f-ba04-b417eb1e044d', '2021-03-17 18:28:52', 6),
	('8652118d-8464-4c42-88b5-ef73d1c509b6', '2021-03-17 18:28:54', 6),
	('bdfd0a98-0b57-4edd-8ac7-245a0f689010', '2021-03-17 18:29:11', 9),
	('542b932a-9dca-4234-8ac4-79c6a9ae2b3c', '2021-03-17 18:29:27', 10),
	('51aea72f-0d96-46b5-9a6d-2ba3d02de579', '2021-03-17 19:24:05', 8),
	('0c8971e6-94f2-4387-90e8-5270cc1bc238', '2021-03-17 19:24:17', 7),
	('b16861d2-866a-4168-87bc-47006e6cbea1', '2021-03-17 19:24:37', 10),
	('4ed6dedd-96df-42fe-a274-bc2d7e58da3c', '2021-03-17 19:25:37', 9),
	('4bfde810-8946-46fa-aab2-b7d62c16b80f', '2021-03-17 19:31:13', 10),
	('fb69c70b-0159-486c-b3d6-d05d992c4f46', '2021-03-17 21:08:54', 6),
	('4ba5006e-0065-4f7b-baa0-341de2d280d9', '2021-03-17 21:08:56', 3),
	('3d8a33fb-efaf-48e6-a418-66d6eff9920c', '2021-03-17 21:08:57', 5),
	('51d7108b-6095-479b-96ce-1cfb9a59262e', '2021-03-17 21:09:51', 1),
	('678dd06d-9a17-4c57-b111-55d265818d18', '2021-03-17 21:19:16', 10),
	('7680ea3c-244b-4f4a-af3b-4cc1a475b3e8', '2021-03-18 08:59:11', 1),
	('126b9fff-5ecd-46eb-9435-97ad148d85f0', '2021-03-18 12:28:11', 2),
	('d9822ed4-1df8-46c5-af2d-44a471418454', '2021-03-18 12:28:49', 3),
	('25ee935f-08e6-418a-8446-16f3f64d2b44', '2021-03-18 12:29:45', 5),
	('ff2b3f53-c2ce-43df-93a0-4598844e3dcd', '2021-03-18 12:30:24', 1),
	('c843c26a-256b-4e1f-9792-61493e3644af', '2021-03-18 12:42:53', 1),
	('a65a1f8a-d413-43a4-9852-24458977e2ea', '2021-03-18 18:15:34', 1),
	('fb229f6c-63aa-488a-94b5-e72ebac7ee1e', '2021-03-18 19:08:28', 1),
	('67ac0b74-749e-4253-8b3f-b645bbe608d1', '2021-03-18 19:18:18', 1),
	('38a7a8de-bb5b-4c54-87bb-5711f0e100cd', '2021-03-19 15:19:46', 1),
	('8c335b5c-1c2b-4953-b5cc-e264093ecd55', '2021-03-19 16:57:59', 1),
	('beda57eb-8962-4a14-9d8c-670d00ba91b1', '2021-03-19 17:02:29', 1),
	('d29a2ee8-81b8-4834-8758-279bdaf586e0', '2021-03-21 02:02:35', 1),
	('e36797b4-304d-4520-9d20-6b7e668b5721', '2021-03-21 02:03:17', 1),
	('3de668d4-2294-4c30-a54f-e50c39f3f365', '2021-03-21 02:07:54', 1),
	('5b1b7151-24c2-4ea5-a753-1c087f67ef71', '2021-03-21 02:09:55', 1),
	('6aea5525-0b71-4eeb-b54b-2e277f535332', '2021-03-21 19:17:18', 1),
	('eb4b6614-7ec8-4d64-80e3-647c25f878d5', '2021-03-21 19:44:33', 1),
	('bbb1b64b-48c1-42a0-b04b-c5836486eec7', '2021-03-21 20:16:48', 1),
	('45ba626b-4e41-47f6-b366-0b2895a01ad5', '2021-03-21 20:26:32', 1),
	('791e83e3-09d1-434e-8399-cde2a2d0f0cd', '2021-03-21 20:27:49', 1),
	('8c166b8f-cbc2-4b00-a04d-52a382cd16f3', '2021-03-21 20:57:01', 1),
	('827c973a-061a-4e48-a4d7-7316e34fead5', '2021-03-21 23:14:36', 1),
	('c08efd40-cb24-47c6-bd43-5bc33b8f5561', '2021-03-21 23:19:24', 1),
	('c5836a4d-5af9-485a-b431-a1029c362214', '2021-03-21 23:25:58', 1),
	('08573b64-8593-4a9f-a8d8-e0569fa303e8', '2021-03-22 00:01:09', 1);
/*!40000 ALTER TABLE `credentials` ENABLE KEYS */;

-- Dumping structure for table entities.exam_impro_ap
CREATE TABLE IF NOT EXISTS `exam_impro_ap` (
  `id` int(11) NOT NULL AUTO_INCREMENT,
  `completado` tinyint(1) DEFAULT NULL,
  `fechaApplicacion` date DEFAULT NULL,
  `estudiante_uid` varchar(50) NOT NULL DEFAULT '',
  `exam_impro_type_id` int(11) NOT NULL,
  `materia` varchar(200) DEFAULT NULL,
  PRIMARY KEY (`id`),
  KEY `exam_impro_type_id` (`exam_impro_type_id`),
  KEY `estudiante_id` (`estudiante_uid`) USING BTREE,
  CONSTRAINT `FK_exam_impro_ap_user` FOREIGN KEY (`estudiante_uid`) REFERENCES `user` (`uid`) ON DELETE CASCADE,
  CONSTRAINT `exam_impro_ap_ibfk_2` FOREIGN KEY (`exam_impro_type_id`) REFERENCES `exam_impro_type` (`id`) ON DELETE CASCADE,
  CONSTRAINT `CONSTRAINT_1` CHECK (`completado` in (0,1))
) ENGINE=InnoDB AUTO_INCREMENT=283 DEFAULT CHARSET=utf8mb4;

-- Dumping data for table entities.exam_impro_ap: ~43 rows (approximately)
DELETE FROM `exam_impro_ap`;
/*!40000 ALTER TABLE `exam_impro_ap` DISABLE KEYS */;
INSERT INTO `exam_impro_ap` (`id`, `completado`, `fechaApplicacion`, `estudiante_uid`, `exam_impro_type_id`, `materia`) VALUES
	(238, 0, '2021-04-14', 'sDFz7nq2c3hTMq9r7DW8CtmDOHR2', 9, '1 Velo'),
	(239, 0, '2021-04-22', 'irE9NGaE49ej45UbutPnx6kj1Bh2', 3, '2 Alas'),
	(240, 0, '2021-04-13', 'cZhBd4jR2WSeEheP2DNeprWcMCx2', 2, '3 Entrada clasica'),
	(241, 0, '2021-04-13', 'fu3YTr776BcUbBgsyRosVqAmnFA2', 21, '4 Tarab'),
	(242, 0, '2021-04-11', 'irE9NGaE49ej45UbutPnx6kj1Bh2', 28, 'otro mas'),
	(243, 0, '2021-04-13', 'fu3YTr776BcUbBgsyRosVqAmnFA2', 21, 'Tarab'),
	(244, 0, '2021-04-14', 'XJhaU0ywmESe68tGdYbHDcECPHC3', 9, 'VElo'),
	(245, 0, '2021-04-14', 'V9J8BmER4iR8qvQdy7AwYqoGCc73', 2, 'firg'),
	(246, 0, '2021-04-16', 'V9J8BmER4iR8qvQdy7AwYqoGCc73', 9, 'fit'),
	(247, 0, '2021-04-18', 'V9J8BmER4iR8qvQdy7AwYqoGCc73', 2, '01. Pop Arabe'),
	(248, 0, '2021-04-18', 'cZhBd4jR2WSeEheP2DNeprWcMCx2', 2, '02. Pop 치rabe'),
	(249, 0, '2021-04-18', 'eHhHfUFPc3ZLmsmkuu2Irn8M28H3', 2, '03. Pop 치rabe'),
	(250, 0, '2021-04-18', 'sDFz7nq2c3hTMq9r7DW8CtmDOHR2', 9, '04. Velo'),
	(251, 0, '2021-04-18', 'V9J8BmER4iR8qvQdy7AwYqoGCc73', 2, '05. Velo'),
	(253, 0, '2021-04-18', 'SgLxpMH3yogpUPZ5sUGg6ddsM3j1', 2, '06. Velo'),
	(254, 0, '2021-04-18', 'irE9NGaE49ej45UbutPnx6kj1Bh2', 3, '07. Alas'),
	(255, 0, '2021-04-18', 'eHhHfUFPc3ZLmsmkuu2Irn8M28H3', 2, '08. Entrada cl치sica'),
	(256, 0, '2021-04-18', '0WLoQ6Ji12Rj7vODfPwrodPoGrv2', 3, '09. Eskandereia'),
	(257, 0, '2021-04-18', 'TGHGTlvGFyNQ9eolHZoT3yASa4r2', 2, '10. Eskandereia'),
	(258, 0, '2021-04-18', 'HRBW9prVWPYYcgl5Yd45aiydqHB2', 3, '11. Baladi'),
	(259, 0, '2021-04-18', 'eHhHfUFPc3ZLmsmkuu2Irn8M28H3', 2, '12. Baladi'),
	(260, 0, '2021-04-18', 'XJhaU0ywmESe68tGdYbHDcECPHC3', 3, '13. Baladi'),
	(261, 0, '2021-04-18', 'cZhBd4jR2WSeEheP2DNeprWcMCx2', 2, '14. Sable'),
	(262, 0, '2021-04-18', 'irE9NGaE49ej45UbutPnx6kj1Bh2', 3, '15. Elisa'),
	(263, 0, '2021-04-18', 'HRBW9prVWPYYcgl5Yd45aiydqHB2', 3, '16. Sable'),
	(264, 0, '2021-04-18', 'qyuSGEDqZYOOQBPnsY4hCnL1O7l2', 2, '17. Sable'),
	(265, 0, '2021-04-18', 'SgLxpMH3yogpUPZ5sUGg6ddsM3j1', 2, '18. Charola'),
	(266, 0, '2021-04-18', '0WLoQ6Ji12Rj7vODfPwrodPoGrv2', 3, '19. Shamadan'),
	(267, 0, '2021-04-18', 'irE9NGaE49ej45UbutPnx6kj1Bh2', 3, '20. Taxim'),
	(268, 0, '2021-04-18', 'HRBW9prVWPYYcgl5Yd45aiydqHB2', 3, '21. Taxim'),
	(269, 0, '2021-04-18', 'fu3YTr776BcUbBgsyRosVqAmnFA2', 21, '22. Taxim'),
	(270, 0, '2021-04-18', 'SgLxpMH3yogpUPZ5sUGg6ddsM3j1', 2, '23. Khaleegy'),
	(271, 0, '2021-04-18', '0WLoQ6Ji12Rj7vODfPwrodPoGrv2', 3, '24. Khaleegy'),
	(272, 0, '2021-04-18', 'qyuSGEDqZYOOQBPnsY4hCnL1O7l2', 2, '25. Khaleegy'),
	(273, 0, '2021-04-18', 'XJhaU0ywmESe68tGdYbHDcECPHC3', 3, '26. Khaleegy'),
	(274, 0, '2021-04-18', 'TGHGTlvGFyNQ9eolHZoT3yASa4r2', 2, '27. Khaleegy'),
	(275, 0, '2021-04-18', 'fu3YTr776BcUbBgsyRosVqAmnFA2', 21, '28. Tarab'),
	(276, 0, '2021-04-18', 'eHhHfUFPc3ZLmsmkuu2Irn8M28H3', 2, '12. Baladi'),
	(277, 0, '2021-04-18', 'irE9NGaE49ej45UbutPnx6kj1Bh2', 3, '15. Sable'),
	(279, 0, '2021-04-19', '0WLoQ6Ji12Rj7vODfPwrodPoGrv2', 29, 'Tec 3'),
	(280, 0, '2021-04-30', 'cZhBd4jR2WSeEheP2DNeprWcMCx2', 28, 'Test1'),
	(281, 0, '2021-04-18', 'HRBW9prVWPYYcgl5Yd45aiydqHB2', 28, 'uno'),
	(282, 0, '2021-04-18', 'V9J8BmER4iR8qvQdy7AwYqoGCc73', 28, 'segundo');
/*!40000 ALTER TABLE `exam_impro_ap` ENABLE KEYS */;

-- Dumping structure for table entities.exam_impro_ap_criteria
CREATE TABLE IF NOT EXISTS `exam_impro_ap_criteria` (
  `id` int(11) NOT NULL AUTO_INCREMENT,
  `exam_impro_ap_parameter_id` int(11) NOT NULL,
  `exam_impro_criteria_id` int(11) NOT NULL,
  `selected` tinyint(4) DEFAULT NULL,
  PRIMARY KEY (`id`),
  UNIQUE KEY `ap_parameter_criteria` (`exam_impro_ap_parameter_id`,`exam_impro_criteria_id`) USING BTREE,
  KEY `FK_exam_impro_ap_criteria_exam_impro_criteria` (`exam_impro_criteria_id`) USING BTREE,
  CONSTRAINT `FK_exam_impro_ap_criteria_exam_impro_ap_parameter` FOREIGN KEY (`exam_impro_ap_parameter_id`) REFERENCES `exam_impro_ap_parameter` (`id`) ON DELETE CASCADE,
  CONSTRAINT `FK_exam_impro_ap_criteria_exam_impro_criteria` FOREIGN KEY (`exam_impro_criteria_id`) REFERENCES `exam_impro_criteria` (`id`) ON DELETE CASCADE
) ENGINE=InnoDB AUTO_INCREMENT=4078 DEFAULT CHARSET=utf8mb4;

-- Dumping data for table entities.exam_impro_ap_criteria: ~840 rows (approximately)
DELETE FROM `exam_impro_ap_criteria`;
/*!40000 ALTER TABLE `exam_impro_ap_criteria` DISABLE KEYS */;
INSERT INTO `exam_impro_ap_criteria` (`id`, `exam_impro_ap_parameter_id`, `exam_impro_criteria_id`, `selected`) VALUES
	(3066, 706, 32, 1),
	(3067, 706, 102, 1),
	(3068, 706, 103, 1),
	(3069, 706, 104, 1),
	(3070, 706, 105, 1),
	(3071, 707, 33, 1),
	(3072, 707, 106, 0),
	(3073, 707, 183, 0),
	(3074, 707, 188, 1),
	(3075, 707, 187, 1),
	(3076, 707, 189, 0),
	(3077, 707, 190, 0),
	(3078, 707, 191, 0),
	(3079, 707, 192, 0),
	(3080, 707, 193, 0),
	(3081, 707, 194, 0),
	(3082, 707, 195, 0),
	(3083, 707, 196, 0),
	(3084, 707, 197, 0),
	(3085, 707, 198, 0),
	(3086, 707, 270, 0),
	(3087, 707, 271, 0),
	(3088, 708, 184, 1),
	(3089, 708, 185, 0),
	(3090, 708, 186, 1),
	(3091, 708, 34, 1),
	(3092, 708, 108, 1),
	(3093, 708, 109, 1),
	(3094, 709, 113, 1),
	(3095, 709, 112, 1),
	(3096, 709, 114, 1),
	(3097, 709, 35, 1),
	(3098, 710, 32, 1),
	(3099, 710, 102, 1),
	(3100, 710, 103, 1),
	(3101, 710, 104, 1),
	(3102, 710, 105, 1),
	(3103, 711, 33, 1),
	(3104, 711, 106, 0),
	(3105, 711, 183, 0),
	(3106, 711, 188, 1),
	(3107, 711, 187, 1),
	(3108, 711, 189, 0),
	(3109, 711, 190, 0),
	(3110, 711, 191, 0),
	(3111, 711, 192, 0),
	(3112, 711, 193, 0),
	(3113, 711, 194, 0),
	(3114, 711, 195, 0),
	(3115, 711, 196, 0),
	(3116, 711, 197, 0),
	(3117, 711, 198, 0),
	(3118, 711, 270, 0),
	(3119, 711, 271, 0),
	(3120, 712, 184, 1),
	(3121, 712, 185, 0),
	(3122, 712, 186, 0),
	(3123, 712, 34, 1),
	(3124, 712, 108, 1),
	(3125, 712, 109, 1),
	(3126, 713, 113, 1),
	(3127, 713, 112, 1),
	(3128, 713, 114, 1),
	(3129, 713, 35, 1),
	(3130, 714, 32, 1),
	(3131, 714, 102, 1),
	(3132, 714, 103, 1),
	(3133, 714, 104, 1),
	(3134, 714, 105, 1),
	(3135, 715, 33, 1),
	(3136, 715, 106, 0),
	(3137, 715, 183, 0),
	(3138, 715, 188, 1),
	(3139, 715, 187, 1),
	(3140, 715, 189, 0),
	(3141, 715, 190, 0),
	(3142, 715, 191, 0),
	(3143, 715, 192, 0),
	(3144, 715, 193, 0),
	(3145, 715, 194, 0),
	(3146, 715, 195, 0),
	(3147, 715, 196, 0),
	(3148, 715, 197, 0),
	(3149, 715, 198, 0),
	(3150, 715, 270, 0),
	(3151, 715, 271, 0),
	(3152, 716, 184, 1),
	(3153, 716, 185, 0),
	(3154, 716, 186, 1),
	(3155, 716, 34, 1),
	(3156, 716, 108, 1),
	(3157, 716, 109, 1),
	(3158, 717, 113, 1),
	(3159, 717, 112, 1),
	(3160, 717, 114, 1),
	(3161, 717, 35, 1),
	(3162, 718, 82, 1),
	(3163, 718, 83, 1),
	(3164, 718, 84, 1),
	(3165, 718, 86, 1),
	(3166, 718, 85, 1),
	(3167, 719, 87, 1),
	(3168, 719, 88, 1),
	(3169, 719, 199, 1),
	(3170, 720, 90, 1),
	(3171, 720, 91, 1),
	(3172, 720, 92, 1),
	(3173, 720, 93, 1),
	(3174, 721, 96, 1),
	(3175, 721, 97, 1),
	(3176, 721, 95, 1),
	(3177, 721, 94, 1),
	(3178, 722, 32, 1),
	(3179, 722, 102, 1),
	(3180, 722, 103, 1),
	(3181, 722, 104, 1),
	(3182, 722, 105, 1),
	(3183, 723, 33, 1),
	(3184, 723, 106, 1),
	(3185, 723, 183, 1),
	(3186, 723, 188, 0),
	(3187, 723, 187, 0),
	(3188, 723, 189, 0),
	(3189, 723, 190, 0),
	(3190, 723, 191, 0),
	(3191, 723, 192, 0),
	(3192, 723, 193, 0),
	(3193, 723, 194, 0),
	(3194, 723, 195, 0),
	(3195, 723, 196, 0),
	(3196, 723, 197, 0),
	(3197, 723, 198, 0),
	(3198, 723, 270, 0),
	(3199, 723, 271, 0),
	(3200, 724, 184, 1),
	(3201, 724, 185, 0),
	(3202, 724, 186, 0),
	(3203, 724, 34, 1),
	(3204, 724, 108, 1),
	(3205, 724, 109, 1),
	(3206, 725, 113, 1),
	(3207, 725, 112, 1),
	(3208, 725, 114, 1),
	(3209, 725, 35, 1),
	(3238, 729, 32, 1),
	(3239, 729, 102, 1),
	(3240, 729, 103, 1),
	(3241, 729, 104, 1),
	(3242, 729, 105, 1),
	(3243, 730, 33, 1),
	(3244, 730, 106, 1),
	(3245, 730, 183, 1),
	(3246, 730, 188, 0),
	(3247, 730, 187, 0),
	(3248, 730, 189, 0),
	(3249, 730, 190, 0),
	(3250, 730, 191, 0),
	(3251, 730, 192, 0),
	(3252, 730, 193, 0),
	(3253, 730, 194, 0),
	(3254, 730, 195, 0),
	(3255, 730, 196, 0),
	(3256, 730, 197, 0),
	(3257, 730, 198, 0),
	(3258, 730, 270, 0),
	(3259, 730, 271, 0),
	(3260, 731, 184, 1),
	(3261, 731, 185, 0),
	(3262, 731, 186, 0),
	(3263, 731, 34, 1),
	(3264, 731, 108, 1),
	(3265, 731, 109, 1),
	(3266, 732, 113, 1),
	(3267, 732, 112, 1),
	(3268, 732, 114, 1),
	(3269, 732, 35, 1),
	(3270, 733, 117, 1),
	(3271, 733, 118, 1),
	(3272, 733, 119, 1),
	(3273, 733, 120, 1),
	(3274, 733, 121, 1),
	(3275, 734, 123, 1),
	(3276, 734, 124, 0),
	(3277, 734, 201, 0),
	(3278, 734, 203, 1),
	(3279, 734, 209, 1),
	(3280, 734, 204, 0),
	(3281, 734, 210, 0),
	(3282, 734, 205, 0),
	(3283, 734, 211, 0),
	(3284, 734, 159, 0),
	(3285, 734, 212, 0),
	(3286, 734, 160, 0),
	(3287, 734, 213, 0),
	(3288, 734, 202, 0),
	(3289, 734, 214, 0),
	(3290, 734, 206, 0),
	(3291, 734, 215, 0),
	(3292, 734, 207, 0),
	(3293, 734, 216, 0),
	(3294, 735, 130, 1),
	(3295, 735, 131, 0),
	(3296, 735, 132, 0),
	(3297, 735, 127, 1),
	(3298, 735, 128, 1),
	(3299, 735, 126, 1),
	(3300, 735, 129, 1),
	(3301, 735, 200, 1),
	(3302, 736, 136, 1),
	(3303, 736, 135, 1),
	(3304, 736, 137, 1),
	(3305, 736, 134, 1),
	(3306, 737, 32, 1),
	(3307, 737, 102, 1),
	(3308, 737, 103, 1),
	(3309, 737, 104, 1),
	(3310, 737, 105, 1),
	(3311, 738, 33, 1),
	(3312, 738, 106, 0),
	(3313, 738, 183, 0),
	(3314, 738, 188, 0),
	(3315, 738, 187, 0),
	(3316, 738, 189, 1),
	(3317, 738, 190, 1),
	(3318, 738, 191, 0),
	(3319, 738, 192, 0),
	(3320, 738, 193, 0),
	(3321, 738, 194, 0),
	(3322, 738, 195, 0),
	(3323, 738, 196, 0),
	(3324, 738, 197, 0),
	(3325, 738, 198, 0),
	(3326, 738, 270, 0),
	(3327, 738, 271, 0),
	(3328, 739, 184, 1),
	(3329, 739, 185, 0),
	(3330, 739, 186, 0),
	(3331, 739, 34, 1),
	(3332, 739, 108, 1),
	(3333, 739, 109, 1),
	(3334, 740, 113, 1),
	(3335, 740, 112, 1),
	(3336, 740, 114, 1),
	(3337, 740, 35, 1),
	(3338, 741, 117, 1),
	(3339, 741, 118, 1),
	(3340, 741, 119, 1),
	(3341, 741, 120, 1),
	(3342, 741, 121, 1),
	(3343, 742, 123, 1),
	(3344, 742, 124, 0),
	(3345, 742, 201, 0),
	(3346, 742, 203, 0),
	(3347, 742, 209, 0),
	(3348, 742, 204, 1),
	(3349, 742, 210, 1),
	(3350, 742, 205, 0),
	(3351, 742, 211, 0),
	(3352, 742, 159, 0),
	(3353, 742, 212, 0),
	(3354, 742, 160, 0),
	(3355, 742, 213, 0),
	(3356, 742, 202, 0),
	(3357, 742, 214, 0),
	(3358, 742, 206, 0),
	(3359, 742, 215, 0),
	(3360, 742, 207, 0),
	(3361, 742, 216, 0),
	(3362, 743, 130, 1),
	(3363, 743, 131, 0),
	(3364, 743, 132, 0),
	(3365, 743, 127, 1),
	(3366, 743, 128, 1),
	(3367, 743, 126, 1),
	(3368, 743, 129, 1),
	(3369, 743, 200, 1),
	(3370, 744, 136, 1),
	(3371, 744, 135, 1),
	(3372, 744, 137, 1),
	(3373, 744, 134, 1),
	(3374, 745, 32, 1),
	(3375, 745, 102, 1),
	(3376, 745, 103, 1),
	(3377, 745, 104, 1),
	(3378, 745, 105, 1),
	(3379, 746, 33, 1),
	(3380, 746, 106, 0),
	(3381, 746, 183, 0),
	(3382, 746, 188, 0),
	(3383, 746, 187, 0),
	(3384, 746, 189, 0),
	(3385, 746, 190, 0),
	(3386, 746, 191, 1),
	(3387, 746, 192, 1),
	(3388, 746, 193, 0),
	(3389, 746, 194, 0),
	(3390, 746, 195, 0),
	(3391, 746, 196, 0),
	(3392, 746, 197, 0),
	(3393, 746, 198, 0),
	(3394, 746, 270, 0),
	(3395, 746, 271, 0),
	(3396, 747, 184, 1),
	(3397, 747, 185, 0),
	(3398, 747, 186, 1),
	(3399, 747, 34, 1),
	(3400, 747, 108, 1),
	(3401, 747, 109, 1),
	(3402, 748, 113, 1),
	(3403, 748, 112, 1),
	(3404, 748, 114, 1),
	(3405, 748, 35, 1),
	(3406, 749, 117, 1),
	(3407, 749, 118, 1),
	(3408, 749, 119, 1),
	(3409, 749, 120, 1),
	(3410, 749, 121, 1),
	(3411, 750, 123, 1),
	(3412, 750, 124, 0),
	(3413, 750, 201, 0),
	(3414, 750, 203, 0),
	(3415, 750, 209, 0),
	(3416, 750, 204, 0),
	(3417, 750, 210, 0),
	(3418, 750, 205, 1),
	(3419, 750, 211, 1),
	(3420, 750, 159, 0),
	(3421, 750, 212, 0),
	(3422, 750, 160, 0),
	(3423, 750, 213, 0),
	(3424, 750, 202, 0),
	(3425, 750, 214, 0),
	(3426, 750, 206, 0),
	(3427, 750, 215, 0),
	(3428, 750, 207, 0),
	(3429, 750, 216, 0),
	(3430, 751, 130, 1),
	(3431, 751, 131, 1),
	(3432, 751, 132, 1),
	(3433, 751, 127, 1),
	(3434, 751, 128, 1),
	(3435, 751, 126, 1),
	(3436, 751, 129, 1),
	(3437, 751, 200, 1),
	(3438, 752, 136, 1),
	(3439, 752, 135, 1),
	(3440, 752, 137, 1),
	(3441, 752, 134, 1),
	(3474, 757, 117, 1),
	(3475, 757, 118, 1),
	(3476, 757, 119, 1),
	(3477, 757, 120, 1),
	(3478, 757, 121, 1),
	(3479, 758, 123, 1),
	(3480, 758, 124, 0),
	(3481, 758, 201, 0),
	(3482, 758, 203, 0),
	(3483, 758, 209, 0),
	(3484, 758, 204, 0),
	(3485, 758, 210, 0),
	(3486, 758, 205, 1),
	(3487, 758, 211, 1),
	(3488, 758, 159, 0),
	(3489, 758, 212, 0),
	(3490, 758, 160, 0),
	(3491, 758, 213, 0),
	(3492, 758, 202, 0),
	(3493, 758, 214, 0),
	(3494, 758, 206, 0),
	(3495, 758, 215, 0),
	(3496, 758, 207, 0),
	(3497, 758, 216, 0),
	(3498, 759, 130, 1),
	(3499, 759, 131, 1),
	(3500, 759, 132, 1),
	(3501, 759, 127, 1),
	(3502, 759, 128, 1),
	(3503, 759, 126, 1),
	(3504, 759, 129, 1),
	(3505, 759, 200, 1),
	(3506, 760, 136, 1),
	(3507, 760, 135, 1),
	(3508, 760, 137, 1),
	(3509, 760, 134, 1),
	(3510, 761, 32, 1),
	(3511, 761, 102, 1),
	(3512, 761, 103, 1),
	(3513, 761, 104, 1),
	(3514, 761, 105, 1),
	(3515, 762, 33, 1),
	(3516, 762, 106, 0),
	(3517, 762, 183, 0),
	(3518, 762, 188, 0),
	(3519, 762, 187, 0),
	(3520, 762, 189, 0),
	(3521, 762, 190, 0),
	(3522, 762, 191, 0),
	(3523, 762, 192, 0),
	(3524, 762, 193, 0),
	(3525, 762, 194, 0),
	(3526, 762, 195, 1),
	(3527, 762, 196, 1),
	(3528, 762, 197, 0),
	(3529, 762, 198, 0),
	(3530, 762, 270, 0),
	(3531, 762, 271, 0),
	(3532, 763, 184, 1),
	(3533, 763, 185, 0),
	(3534, 763, 186, 0),
	(3535, 763, 34, 1),
	(3536, 763, 108, 1),
	(3537, 763, 109, 1),
	(3538, 764, 113, 1),
	(3539, 764, 112, 1),
	(3540, 764, 114, 1),
	(3541, 764, 35, 1),
	(3578, 769, 117, 1),
	(3579, 769, 118, 1),
	(3580, 769, 119, 1),
	(3581, 769, 120, 1),
	(3582, 769, 121, 1),
	(3583, 770, 123, 1),
	(3584, 770, 124, 0),
	(3585, 770, 201, 0),
	(3586, 770, 203, 0),
	(3587, 770, 209, 0),
	(3588, 770, 204, 0),
	(3589, 770, 210, 0),
	(3590, 770, 205, 0),
	(3591, 770, 211, 0),
	(3592, 770, 159, 1),
	(3593, 770, 212, 1),
	(3594, 770, 160, 0),
	(3595, 770, 213, 0),
	(3596, 770, 202, 0),
	(3597, 770, 214, 0),
	(3598, 770, 206, 0),
	(3599, 770, 215, 0),
	(3600, 770, 207, 0),
	(3601, 770, 216, 0),
	(3602, 771, 130, 1),
	(3603, 771, 131, 0),
	(3604, 771, 132, 0),
	(3605, 771, 127, 1),
	(3606, 771, 128, 1),
	(3607, 771, 126, 1),
	(3608, 771, 129, 1),
	(3609, 771, 200, 1),
	(3610, 772, 136, 1),
	(3611, 772, 135, 1),
	(3612, 772, 137, 1),
	(3613, 772, 134, 1),
	(3646, 777, 32, 1),
	(3647, 777, 102, 1),
	(3648, 777, 103, 1),
	(3649, 777, 104, 1),
	(3650, 777, 105, 1),
	(3651, 778, 33, 1),
	(3652, 778, 106, 0),
	(3653, 778, 183, 0),
	(3654, 778, 188, 0),
	(3655, 778, 187, 0),
	(3656, 778, 189, 0),
	(3657, 778, 190, 0),
	(3658, 778, 191, 0),
	(3659, 778, 192, 0),
	(3660, 778, 193, 0),
	(3661, 778, 194, 0),
	(3662, 778, 195, 0),
	(3663, 778, 196, 0),
	(3664, 778, 197, 0),
	(3665, 778, 198, 0),
	(3666, 778, 270, 1),
	(3667, 778, 271, 1),
	(3668, 779, 184, 1),
	(3669, 779, 185, 0),
	(3670, 779, 186, 0),
	(3671, 779, 34, 1),
	(3672, 779, 108, 1),
	(3673, 779, 109, 1),
	(3674, 780, 113, 1),
	(3675, 780, 112, 1),
	(3676, 780, 114, 1),
	(3677, 780, 35, 1),
	(3678, 781, 117, 1),
	(3679, 781, 118, 1),
	(3680, 781, 119, 1),
	(3681, 781, 120, 1),
	(3682, 781, 121, 1),
	(3683, 782, 123, 1),
	(3684, 782, 124, 0),
	(3685, 782, 201, 0),
	(3686, 782, 203, 0),
	(3687, 782, 209, 0),
	(3688, 782, 204, 0),
	(3689, 782, 210, 0),
	(3690, 782, 205, 0),
	(3691, 782, 211, 0),
	(3692, 782, 159, 0),
	(3693, 782, 212, 0),
	(3694, 782, 160, 1),
	(3695, 782, 213, 1),
	(3696, 782, 202, 0),
	(3697, 782, 214, 0),
	(3698, 782, 206, 0),
	(3699, 782, 215, 0),
	(3700, 782, 207, 0),
	(3701, 782, 216, 0),
	(3702, 783, 130, 1),
	(3703, 783, 131, 0),
	(3704, 783, 132, 0),
	(3705, 783, 127, 1),
	(3706, 783, 128, 1),
	(3707, 783, 126, 1),
	(3708, 783, 129, 1),
	(3709, 783, 200, 1),
	(3710, 784, 136, 1),
	(3711, 784, 135, 1),
	(3712, 784, 137, 1),
	(3713, 784, 134, 1),
	(3714, 785, 117, 1),
	(3715, 785, 118, 1),
	(3716, 785, 119, 1),
	(3717, 785, 120, 1),
	(3718, 785, 121, 1),
	(3719, 786, 123, 1),
	(3720, 786, 124, 0),
	(3721, 786, 201, 0),
	(3722, 786, 203, 0),
	(3723, 786, 209, 0),
	(3724, 786, 204, 0),
	(3725, 786, 210, 0),
	(3726, 786, 205, 0),
	(3727, 786, 211, 0),
	(3728, 786, 159, 0),
	(3729, 786, 212, 0),
	(3730, 786, 160, 0),
	(3731, 786, 213, 0),
	(3732, 786, 202, 0),
	(3733, 786, 214, 0),
	(3734, 786, 206, 1),
	(3735, 786, 215, 1),
	(3736, 786, 207, 0),
	(3737, 786, 216, 0),
	(3738, 787, 130, 0),
	(3739, 787, 131, 1),
	(3740, 787, 132, 0),
	(3741, 787, 127, 1),
	(3742, 787, 128, 1),
	(3743, 787, 126, 1),
	(3744, 787, 129, 1),
	(3745, 787, 200, 1),
	(3746, 788, 136, 1),
	(3747, 788, 135, 1),
	(3748, 788, 137, 1),
	(3749, 788, 134, 1),
	(3750, 789, 117, 1),
	(3751, 789, 118, 1),
	(3752, 789, 119, 1),
	(3753, 789, 120, 1),
	(3754, 789, 121, 1),
	(3755, 790, 123, 1),
	(3756, 790, 124, 0),
	(3757, 790, 201, 0),
	(3758, 790, 203, 0),
	(3759, 790, 209, 0),
	(3760, 790, 204, 0),
	(3761, 790, 210, 0),
	(3762, 790, 205, 0),
	(3763, 790, 211, 0),
	(3764, 790, 159, 0),
	(3765, 790, 212, 0),
	(3766, 790, 160, 0),
	(3767, 790, 213, 0),
	(3768, 790, 202, 0),
	(3769, 790, 214, 0),
	(3770, 790, 206, 1),
	(3771, 790, 215, 1),
	(3772, 790, 207, 0),
	(3773, 790, 216, 0),
	(3774, 791, 130, 0),
	(3775, 791, 131, 1),
	(3776, 791, 132, 0),
	(3777, 791, 127, 1),
	(3778, 791, 128, 1),
	(3779, 791, 126, 1),
	(3780, 791, 129, 1),
	(3781, 791, 200, 1),
	(3782, 792, 136, 1),
	(3783, 792, 135, 1),
	(3784, 792, 137, 1),
	(3785, 792, 134, 1),
	(3786, 793, 217, 1),
	(3787, 793, 219, 1),
	(3788, 793, 220, 1),
	(3789, 793, 218, 1),
	(3790, 793, 221, 1),
	(3791, 794, 222, 1),
	(3792, 794, 223, 1),
	(3793, 794, 224, 1),
	(3794, 794, 235, 0),
	(3795, 794, 236, 0),
	(3796, 795, 265, 0),
	(3797, 795, 268, 1),
	(3798, 795, 266, 0),
	(3799, 795, 225, 1),
	(3800, 795, 226, 1),
	(3801, 795, 227, 1),
	(3802, 795, 229, 1),
	(3803, 795, 228, 1),
	(3804, 796, 230, 1),
	(3805, 796, 231, 1),
	(3806, 796, 232, 1),
	(3807, 796, 233, 1),
	(3808, 797, 32, 1),
	(3809, 797, 102, 1),
	(3810, 797, 103, 1),
	(3811, 797, 104, 1),
	(3812, 797, 105, 1),
	(3813, 798, 33, 1),
	(3814, 798, 106, 0),
	(3815, 798, 183, 0),
	(3816, 798, 188, 0),
	(3817, 798, 187, 0),
	(3818, 798, 189, 0),
	(3819, 798, 190, 0),
	(3820, 798, 191, 0),
	(3821, 798, 192, 0),
	(3822, 798, 193, 0),
	(3823, 798, 194, 0),
	(3824, 798, 195, 0),
	(3825, 798, 196, 0),
	(3826, 798, 197, 1),
	(3827, 798, 198, 1),
	(3828, 798, 270, 0),
	(3829, 798, 271, 0),
	(3830, 799, 184, 1),
	(3831, 799, 185, 0),
	(3832, 799, 186, 0),
	(3833, 799, 34, 1),
	(3834, 799, 108, 1),
	(3835, 799, 109, 1),
	(3836, 800, 113, 1),
	(3837, 800, 112, 1),
	(3838, 800, 114, 1),
	(3839, 800, 35, 1),
	(3840, 801, 117, 1),
	(3841, 801, 118, 1),
	(3842, 801, 119, 1),
	(3843, 801, 120, 1),
	(3844, 801, 121, 1),
	(3845, 802, 123, 1),
	(3846, 802, 124, 0),
	(3847, 802, 201, 0),
	(3848, 802, 203, 0),
	(3849, 802, 209, 0),
	(3850, 802, 204, 0),
	(3851, 802, 210, 0),
	(3852, 802, 205, 0),
	(3853, 802, 211, 0),
	(3854, 802, 159, 0),
	(3855, 802, 212, 0),
	(3856, 802, 160, 0),
	(3857, 802, 213, 0),
	(3858, 802, 202, 0),
	(3859, 802, 214, 0),
	(3860, 802, 206, 0),
	(3861, 802, 215, 0),
	(3862, 802, 207, 1),
	(3863, 802, 216, 1),
	(3864, 803, 130, 1),
	(3865, 803, 131, 0),
	(3866, 803, 132, 1),
	(3867, 803, 127, 1),
	(3868, 803, 128, 1),
	(3869, 803, 126, 1),
	(3870, 803, 129, 1),
	(3871, 803, 200, 1),
	(3872, 804, 136, 1),
	(3873, 804, 135, 1),
	(3874, 804, 137, 1),
	(3875, 804, 134, 1),
	(3908, 809, 117, 1),
	(3909, 809, 118, 1),
	(3910, 809, 119, 1),
	(3911, 809, 120, 1),
	(3912, 809, 121, 1),
	(3913, 810, 123, 1),
	(3914, 810, 124, 0),
	(3915, 810, 201, 0),
	(3916, 810, 203, 0),
	(3917, 810, 209, 0),
	(3918, 810, 204, 0),
	(3919, 810, 210, 0),
	(3920, 810, 205, 0),
	(3921, 810, 211, 0),
	(3922, 810, 159, 0),
	(3923, 810, 212, 0),
	(3924, 810, 160, 0),
	(3925, 810, 213, 0),
	(3926, 810, 202, 0),
	(3927, 810, 214, 0),
	(3928, 810, 206, 0),
	(3929, 810, 215, 0),
	(3930, 810, 207, 1),
	(3931, 810, 216, 1),
	(3932, 811, 130, 1),
	(3933, 811, 131, 0),
	(3934, 811, 132, 1),
	(3935, 811, 127, 1),
	(3936, 811, 128, 1),
	(3937, 811, 126, 1),
	(3938, 811, 129, 1),
	(3939, 811, 200, 1),
	(3940, 812, 136, 1),
	(3941, 812, 135, 1),
	(3942, 812, 137, 1),
	(3943, 812, 134, 1),
	(3944, 813, 32, 1),
	(3945, 813, 102, 1),
	(3946, 813, 103, 1),
	(3947, 813, 104, 1),
	(3948, 813, 105, 1),
	(3949, 814, 33, 1),
	(3950, 814, 106, 0),
	(3951, 814, 183, 0),
	(3952, 814, 188, 0),
	(3953, 814, 187, 0),
	(3954, 814, 189, 0),
	(3955, 814, 190, 0),
	(3956, 814, 191, 0),
	(3957, 814, 192, 0),
	(3958, 814, 193, 0),
	(3959, 814, 194, 0),
	(3960, 814, 195, 0),
	(3961, 814, 196, 0),
	(3962, 814, 197, 1),
	(3963, 814, 198, 1),
	(3964, 814, 270, 0),
	(3965, 814, 271, 0),
	(3966, 815, 184, 1),
	(3967, 815, 185, 0),
	(3968, 815, 186, 1),
	(3969, 815, 34, 1),
	(3970, 815, 108, 1),
	(3971, 815, 109, 1),
	(3972, 816, 113, 1),
	(3973, 816, 112, 1),
	(3974, 816, 114, 1),
	(3975, 816, 35, 1),
	(3976, 817, 217, 1),
	(3977, 817, 219, 1),
	(3978, 817, 220, 1),
	(3979, 817, 218, 1),
	(3980, 817, 221, 1),
	(3981, 818, 222, 1),
	(3982, 818, 223, 0),
	(3983, 818, 224, 0),
	(3984, 818, 235, 1),
	(3985, 818, 236, 1),
	(3986, 819, 265, 1),
	(3987, 819, 268, 0),
	(3988, 819, 266, 0),
	(3989, 819, 225, 1),
	(3990, 819, 226, 1),
	(3991, 819, 227, 1),
	(3992, 819, 229, 1),
	(3993, 819, 228, 1),
	(3994, 820, 230, 1),
	(3995, 820, 231, 1),
	(3996, 820, 232, 1),
	(3997, 820, 233, 1),
	(3998, 821, 32, 1),
	(3999, 821, 102, 1),
	(4000, 821, 103, 1),
	(4001, 821, 104, 1),
	(4002, 821, 105, 1),
	(4003, 822, 33, 1),
	(4004, 822, 106, 0),
	(4005, 822, 183, 0),
	(4006, 822, 188, 0),
	(4007, 822, 187, 0),
	(4008, 822, 189, 0),
	(4009, 822, 190, 0),
	(4010, 822, 191, 0),
	(4011, 822, 192, 0),
	(4012, 822, 193, 1),
	(4013, 822, 194, 1),
	(4014, 822, 195, 0),
	(4015, 822, 196, 0),
	(4016, 822, 197, 0),
	(4017, 822, 198, 0),
	(4018, 822, 270, 0),
	(4019, 822, 271, 0),
	(4020, 823, 184, 1),
	(4021, 823, 185, 0),
	(4022, 823, 186, 1),
	(4023, 823, 34, 1),
	(4024, 823, 108, 1),
	(4025, 823, 109, 1),
	(4026, 824, 113, 1),
	(4027, 824, 112, 1),
	(4028, 824, 114, 1),
	(4029, 824, 35, 1),
	(4030, 825, 117, 1),
	(4031, 825, 118, 1),
	(4032, 825, 119, 1),
	(4033, 825, 120, 1),
	(4034, 825, 121, 1),
	(4035, 826, 123, 1),
	(4036, 826, 124, 0),
	(4037, 826, 201, 0),
	(4038, 826, 203, 0),
	(4039, 826, 209, 0),
	(4040, 826, 204, 0),
	(4041, 826, 210, 0),
	(4042, 826, 205, 0),
	(4043, 826, 211, 1),
	(4044, 826, 159, 1),
	(4045, 826, 212, 1),
	(4046, 826, 160, 0),
	(4047, 826, 213, 0),
	(4048, 826, 202, 0),
	(4049, 826, 214, 0),
	(4050, 826, 206, 0),
	(4051, 826, 215, 0),
	(4052, 826, 207, 0),
	(4053, 826, 216, 0),
	(4054, 827, 130, 1),
	(4055, 827, 131, 0),
	(4056, 827, 132, 0),
	(4057, 827, 127, 1),
	(4058, 827, 128, 1),
	(4059, 827, 126, 1),
	(4060, 827, 129, 1),
	(4061, 827, 200, 1),
	(4062, 828, 136, 1),
	(4063, 828, 135, 1),
	(4064, 828, 137, 1),
	(4065, 828, 134, 1);
/*!40000 ALTER TABLE `exam_impro_ap_criteria` ENABLE KEYS */;

-- Dumping structure for table entities.exam_impro_ap_parameter
CREATE TABLE IF NOT EXISTS `exam_impro_ap_parameter` (
  `id` int(11) NOT NULL AUTO_INCREMENT,
  `exam_impro_ap_id` int(11) NOT NULL,
  `exam_impro_parameter_id` int(11) NOT NULL,
  `maestro_uid` varchar(50) NOT NULL,
  `completado` tinyint(1) NOT NULL,
  `comentario` varchar(200) DEFAULT NULL,
  `grade` decimal(10,1) DEFAULT NULL,
  PRIMARY KEY (`id`),
  KEY `exam_impro_ap_parameter_ibfk_2` (`exam_impro_parameter_id`),
  KEY `exam_impro_ap_parameter_ibfk_1` (`exam_impro_ap_id`) USING BTREE,
  KEY `maestro_id` (`maestro_uid`) USING BTREE,
  CONSTRAINT `FK_exam_impro_ap_parameter_user` FOREIGN KEY (`maestro_uid`) REFERENCES `user` (`uid`) ON DELETE CASCADE,
  CONSTRAINT `exam_impro_ap_parameter_ibfk_1` FOREIGN KEY (`exam_impro_ap_id`) REFERENCES `exam_impro_ap` (`id`) ON DELETE CASCADE,
  CONSTRAINT `exam_impro_ap_parameter_ibfk_2` FOREIGN KEY (`exam_impro_parameter_id`) REFERENCES `exam_impro_parameter` (`id`) ON DELETE CASCADE,
  CONSTRAINT `CONSTRAINT_1` CHECK (`completado` in (0,1))
) ENGINE=InnoDB AUTO_INCREMENT=840 DEFAULT CHARSET=utf8mb4;

-- Dumping data for table entities.exam_impro_ap_parameter: ~104 rows (approximately)
DELETE FROM `exam_impro_ap_parameter`;
/*!40000 ALTER TABLE `exam_impro_ap_parameter` DISABLE KEYS */;
INSERT INTO `exam_impro_ap_parameter` (`id`, `exam_impro_ap_id`, `exam_impro_parameter_id`, `maestro_uid`, `completado`, `comentario`, `grade`) VALUES
	(706, 247, 5, 'hOyxSFzX3wce7bsd4yUrQzIkw292', 1, 'Los dedos y los brazos muy r칤gidos y sin sentido ', NULL),
	(707, 247, 6, 'ZPuO87FhKpMDddSEiXnxSz2cgev1', 1, 'Muy bonita energ칤a y presentaci칩n. Cuida tus dedos y para hacer m치s variedad usa los niveles. Revisa tus accesorios antes de bailar. (Coserlos es mejor) ', NULL),
	(708, 247, 7, 'yfcJxYHtYiROow7x6nGWJP2NLZu2', 1, '', NULL),
	(709, 247, 8, 'dDzrwO98tvPT0g9t0chhffbNkyB3', 1, 'Estaba muy nerviosa y siento que se le fue la m칰sica', NULL),
	(710, 248, 5, 'hOyxSFzX3wce7bsd4yUrQzIkw292', 1, 'La mano derecha necesita correcci칩n y cuando hace Segunda le bailan los brazos, cuidar transici칩n de brazos ', NULL),
	(711, 248, 6, 'ZPuO87FhKpMDddSEiXnxSz2cgev1', 1, 'Estas hermosa, relaja tu cara al bailar. Cuida mucho tus pies, en general est치n sueltos o sin puntas y eso dice mucho, y arruina tu bonita presentaci칩n. Usa niveles.', NULL),
	(712, 248, 7, 'yfcJxYHtYiROow7x6nGWJP2NLZu2', 1, '', NULL),
	(713, 248, 8, 'dDzrwO98tvPT0g9t0chhffbNkyB3', 1, 'Igual de nervios.', NULL),
	(714, 249, 5, 'hOyxSFzX3wce7bsd4yUrQzIkw292', 1, 'Demasiada caminata, fuerza en los solares', NULL),
	(715, 249, 6, 'ZPuO87FhKpMDddSEiXnxSz2cgev1', 1, 'Cuida mucho tu entrada y desplazamientos en general. NO BRINCAR! Y no ver el piso tanto tiempo. PIES puntados', NULL),
	(716, 249, 7, 'yfcJxYHtYiROow7x6nGWJP2NLZu2', 1, '', NULL),
	(717, 249, 8, 'dDzrwO98tvPT0g9t0chhffbNkyB3', 1, 'Mucho caminado, se iba igual para un lado y otro', NULL),
	(718, 250, 44, '0FjPcANm3Jh1MysHVEcOA3D4q0E3', 1, 'estirar mas los brazos, definir proyeccion', NULL),
	(719, 250, 46, 'ZPuO87FhKpMDddSEiXnxSz2cgev1', 1, 'Cuida tus pies y zona escapular con trabajo de alta espalda .', NULL),
	(720, 250, 47, 'yfcJxYHtYiROow7x6nGWJP2NLZu2', 1, '', NULL),
	(721, 250, 48, 'dDzrwO98tvPT0g9t0chhffbNkyB3', 1, 'Nerviosa, cuidar brazos que est칠n estirados cuando se ocupe', NULL),
	(722, 251, 5, '0FjPcANm3Jh1MysHVEcOA3D4q0E3', 1, 'agregar variedad de pasos corporales, aun con el velo', NULL),
	(723, 251, 6, 'ZPuO87FhKpMDddSEiXnxSz2cgev1', 1, '鮫봺잺', NULL),
	(724, 251, 7, 'yfcJxYHtYiROow7x6nGWJP2NLZu2', 1, '', NULL),
	(725, 251, 8, 'dDzrwO98tvPT0g9t0chhffbNkyB3', 1, 'Le falt칩 m치s movimientos de cuerpo y no solo mover el velo, un poco m치s de creatividad', NULL),
	(729, 253, 5, '0FjPcANm3Jh1MysHVEcOA3D4q0E3', 1, '', NULL),
	(730, 253, 6, 'ZPuO87FhKpMDddSEiXnxSz2cgev1', 1, 'Que bonitas manos 游땘 aunque laMUAICA est칠 lenta puedes usar m치s variedad de pasos y figuras ! Tqm ', NULL),
	(731, 253, 7, 'yfcJxYHtYiROow7x6nGWJP2NLZu2', 1, '', NULL),
	(732, 253, 8, 'dDzrwO98tvPT0g9t0chhffbNkyB3', 1, 'Igual creo que podr칤a haber hecho un final m치s dram치tico o que impactar치 un poco m치s. En general me pareci칩 que hizo figuras m치s creativas con el velo', NULL),
	(733, 254, 52, 'hOyxSFzX3wce7bsd4yUrQzIkw292', 1, 'Faltaron pasos con el cuerpo, golpe칩 el tel칩n muchas veces', NULL),
	(734, 254, 53, '0FjPcANm3Jh1MysHVEcOA3D4q0E3', 1, '', NULL),
	(735, 254, 54, 'yfcJxYHtYiROow7x6nGWJP2NLZu2', 1, '', NULL),
	(736, 254, 55, 'dDzrwO98tvPT0g9t0chhffbNkyB3', 1, 'Cuidar balance, nerviosa y no dej칩 flotar los velos en el momento', NULL),
	(737, 255, 5, 'hOyxSFzX3wce7bsd4yUrQzIkw292', 1, 'Mucho paseo y pocos pasos', NULL),
	(738, 255, 6, 'ZPuO87FhKpMDddSEiXnxSz2cgev1', 1, NULL, NULL),
	(739, 255, 7, '0FjPcANm3Jh1MysHVEcOA3D4q0E3', 1, 'buscar movimientos estaticos y definir pasos a realizar.', NULL),
	(740, 255, 8, 'dDzrwO98tvPT0g9t0chhffbNkyB3', 1, 'Se puso nerviosa y se le olvid칩 c칩mo iba la canci칩n, es mi sentir, repet칤a mucho los movimientos y darle un pco de creatividad', NULL),
	(741, 256, 52, 'hOyxSFzX3wce7bsd4yUrQzIkw292', 1, 'Mucho paseo pocos pasos t칤picos de la danza, poca expresi칩n ', NULL),
	(742, 256, 53, 'ZPuO87FhKpMDddSEiXnxSz2cgev1', 1, 'Quiz치 estabas nerviosa, pero trata de entrar m치s en tu personaje/interpretaci칩n para que se olvide el nervio. Ser m치s coherente con los ademanes y gesticulaci칩n con laEnerg칤a e interpretaci칩n ', NULL),
	(743, 256, 54, 'yfcJxYHtYiROow7x6nGWJP2NLZu2', 1, '', NULL),
	(744, 256, 55, '0FjPcANm3Jh1MysHVEcOA3D4q0E3', 1, 'no logre comprender una historia, definir mejor que paso se va a realizar. mantenia muy poco un paso. ', NULL),
	(745, 257, 5, 'hOyxSFzX3wce7bsd4yUrQzIkw292', 1, 'Cambios bruscos de energ칤a sin justificaci칩n, falto tener un prop칩sito de proyecci칩n ', NULL),
	(746, 257, 6, 'ZPuO87FhKpMDddSEiXnxSz2cgev1', 1, '游눞', NULL),
	(747, 257, 7, 'yfcJxYHtYiROow7x6nGWJP2NLZu2', 1, '', NULL),
	(748, 257, 8, '0FjPcANm3Jh1MysHVEcOA3D4q0E3', 1, 'definir mejor pasos a realizar', NULL),
	(749, 258, 52, 'hOyxSFzX3wce7bsd4yUrQzIkw292', 1, 'Variedad de pasos y la mano derecha mucho tiempo sobre el abdomen', NULL),
	(750, 258, 53, 'ZPuO87FhKpMDddSEiXnxSz2cgev1', 1, 'Cuida mucho tu elevaci칩n y trabajo de alta espalda, para alargar cuello y evitar hombros arriba. Cuida tu centro para no perder elEquilibrio. Se m치s precisa en los marcajes y cambios deM칰sica. ', NULL),
	(751, 258, 54, 'yfcJxYHtYiROow7x6nGWJP2NLZu2', 1, '', NULL),
	(752, 258, 55, 'dDzrwO98tvPT0g9t0chhffbNkyB3', 1, 'Balance y nunca lleg칩 a estar del lado donde estaba, solo del centro para el otro lado', NULL),
	(757, 260, 52, 'hOyxSFzX3wce7bsd4yUrQzIkw292', 1, 'Cuidado con el cabello ', NULL),
	(758, 260, 53, 'ZPuO87FhKpMDddSEiXnxSz2cgev1', 1, 'Tan bella! SoloCuida no repetir tanto algunos pasos. ', NULL),
	(759, 260, 54, 'yfcJxYHtYiROow7x6nGWJP2NLZu2', 1, '', NULL),
	(760, 260, 55, 'dDzrwO98tvPT0g9t0chhffbNkyB3', 1, 'En cierto punto era todo lo mismo, me gustaron mucho las vueltas, conect칩 bien, falto moverse m치s del mismo lugar', NULL),
	(761, 261, 5, '0FjPcANm3Jh1MysHVEcOA3D4q0E3', 1, 'el elemento y la musica se presta para movimientos mas sostenidos y de suspenso.', NULL),
	(762, 261, 6, 'ZPuO87FhKpMDddSEiXnxSz2cgev1', 1, NULL, NULL),
	(763, 261, 7, 'yfcJxYHtYiROow7x6nGWJP2NLZu2', 1, '', NULL),
	(764, 261, 8, 'dDzrwO98tvPT0g9t0chhffbNkyB3', 1, 'Creo que no debi칩 de apoyar sable en el piso cuando giro en el piso, tal vez debi칩 de elevarlo y elevar complejidad y repetici칩n de movimientos', NULL),
	(769, 263, 52, '0FjPcANm3Jh1MysHVEcOA3D4q0E3', 1, '', NULL),
	(770, 263, 53, 'ZPuO87FhKpMDddSEiXnxSz2cgev1', 1, 'Cuida tu zona escapular y trabajo de alta espalda. Y t칰 centro para losEquilibrios. ', NULL),
	(771, 263, 54, 'yfcJxYHtYiROow7x6nGWJP2NLZu2', 1, '', NULL),
	(772, 263, 55, 'dDzrwO98tvPT0g9t0chhffbNkyB3', 1, 'Nerviosa, no conecta con el p칰blico, se arrepinti칩 de sus movimientos, le falt칩 seguridad', NULL),
	(777, 265, 5, 'hOyxSFzX3wce7bsd4yUrQzIkw292', 1, 'Poca fuerza en los solares', NULL),
	(778, 265, 6, '0FjPcANm3Jh1MysHVEcOA3D4q0E3', 1, 'te suggiero checar la musicalidad en la melodia no soloo en la base , hubo kanunun y no hubo shimmie', NULL),
	(779, 265, 7, 'yfcJxYHtYiROow7x6nGWJP2NLZu2', 1, '', NULL),
	(780, 265, 8, 'dDzrwO98tvPT0g9t0chhffbNkyB3', 1, NULL, NULL),
	(781, 266, 52, 'hOyxSFzX3wce7bsd4yUrQzIkw292', 1, '', NULL),
	(782, 266, 53, '0FjPcANm3Jh1MysHVEcOA3D4q0E3', 1, '', NULL),
	(783, 266, 54, 'yfcJxYHtYiROow7x6nGWJP2NLZu2', 1, '', NULL),
	(784, 266, 55, 'dDzrwO98tvPT0g9t0chhffbNkyB3', 1, 'Cuando estaba en el piso necesita terminar las ondulaciones, no llega hasta abajo se corta a la mitad. Dar un poco de presencia', NULL),
	(785, 267, 52, 'hOyxSFzX3wce7bsd4yUrQzIkw292', 1, 'Eso no fue un taxim', NULL),
	(786, 267, 53, 'ZPuO87FhKpMDddSEiXnxSz2cgev1', 1, '', NULL),
	(787, 267, 54, '0FjPcANm3Jh1MysHVEcOA3D4q0E3', 1, 'no logre comprender bien si hubo un desenlace ', NULL),
	(788, 267, 55, 'dDzrwO98tvPT0g9t0chhffbNkyB3', 1, 'Entend칤 su sentir con la m칰sica, en cierto punto me entristeci칩 por ella, pero no hubo mucha variedad de movimientos, y abrirse un poco m치s', NULL),
	(789, 268, 52, 'hOyxSFzX3wce7bsd4yUrQzIkw292', 1, 'Se escuchaba mucho la respiraci칩n ', NULL),
	(790, 268, 53, 'ZPuO87FhKpMDddSEiXnxSz2cgev1', 1, NULL, NULL),
	(791, 268, 54, '0FjPcANm3Jh1MysHVEcOA3D4q0E3', 1, '', NULL),
	(792, 268, 55, 'dDzrwO98tvPT0g9t0chhffbNkyB3', 1, 'Se enfrasc칩 mucho en tratar de hacer su personaje que se olvid칩 de bailarlo, precision', NULL),
	(793, 269, 64, 'hOyxSFzX3wce7bsd4yUrQzIkw292', 1, '', NULL),
	(794, 269, 65, 'ZPuO87FhKpMDddSEiXnxSz2cgev1', 1, '', NULL),
	(795, 269, 66, '0FjPcANm3Jh1MysHVEcOA3D4q0E3', 1, '', NULL),
	(796, 269, 67, 'dDzrwO98tvPT0g9t0chhffbNkyB3', 1, 'Se ve칤a como una diosa hermosa, solo dir칤a que varie de shimmie', NULL),
	(797, 270, 5, 'hOyxSFzX3wce7bsd4yUrQzIkw292', 1, 'Variaci칩n de pasos', NULL),
	(798, 270, 6, 'ZPuO87FhKpMDddSEiXnxSz2cgev1', 1, 'CuidadoCuando bajas a piso, alLevantarte. No olvides respirar, porque se nota :)', NULL),
	(799, 270, 7, 'yfcJxYHtYiROow7x6nGWJP2NLZu2', 1, '', NULL),
	(800, 270, 8, '0FjPcANm3Jh1MysHVEcOA3D4q0E3', 1, '', NULL),
	(801, 271, 52, 'hOyxSFzX3wce7bsd4yUrQzIkw292', 1, 'Falta de pasos tipicos', NULL),
	(802, 271, 53, 'ZPuO87FhKpMDddSEiXnxSz2cgev1', 1, NULL, NULL),
	(803, 271, 54, 'yfcJxYHtYiROow7x6nGWJP2NLZu2', 1, '', NULL),
	(804, 271, 55, '0FjPcANm3Jh1MysHVEcOA3D4q0E3', 1, '', NULL),
	(809, 273, 52, 'hOyxSFzX3wce7bsd4yUrQzIkw292', 1, 'Falta de pasos t칤picos ', NULL),
	(810, 273, 53, 'ZPuO87FhKpMDddSEiXnxSz2cgev1', 1, 'Cuida elRebote en elB치sico, porqueSe ve muy hacia arriba. ', NULL),
	(811, 273, 54, 'yfcJxYHtYiROow7x6nGWJP2NLZu2', 1, '', NULL),
	(812, 273, 55, '0FjPcANm3Jh1MysHVEcOA3D4q0E3', 1, '', NULL),
	(813, 274, 5, 'hOyxSFzX3wce7bsd4yUrQzIkw292', 1, '', NULL),
	(814, 274, 6, 'ZPuO87FhKpMDddSEiXnxSz2cgev1', 1, 'Muy bonita interpretaci칩n y ejecuci칩n. SoloCuando pisaste elVestuario noLo hagas evidente. ', NULL),
	(815, 274, 7, 'yfcJxYHtYiROow7x6nGWJP2NLZu2', 1, '', NULL),
	(816, 274, 8, '0FjPcANm3Jh1MysHVEcOA3D4q0E3', 1, '', NULL),
	(817, 275, 64, 'hOyxSFzX3wce7bsd4yUrQzIkw292', 1, '', NULL),
	(818, 275, 65, 'ZPuO87FhKpMDddSEiXnxSz2cgev1', 1, 'En algunos movimientos cuida tu zona escapular porqueSe ve corta tu l칤nea, trabajo de altaEspalda 鮫봺잺', NULL),
	(819, 275, 66, 'yfcJxYHtYiROow7x6nGWJP2NLZu2', 1, '', NULL),
	(820, 275, 67, 'dDzrwO98tvPT0g9t0chhffbNkyB3', 1, 'Se sinti칩, igual pudiera ser un poco m치s creativa y moverse un poco m치s', NULL),
	(821, 276, 5, 'hOyxSFzX3wce7bsd4yUrQzIkw292', 1, 'No sabe la secuencia de un Baladi, porque la nalgada? Ve mucho al piso', NULL),
	(822, 276, 6, 'ZPuO87FhKpMDddSEiXnxSz2cgev1', 1, NULL, NULL),
	(823, 276, 7, 'yfcJxYHtYiROow7x6nGWJP2NLZu2', 1, '', NULL),
	(824, 276, 8, 'dDzrwO98tvPT0g9t0chhffbNkyB3', 1, 'No se sab칤a la canci칩n, no segu칤a ni el ritmo ni la melod칤a', NULL),
	(825, 277, 52, '0FjPcANm3Jh1MysHVEcOA3D4q0E3', 1, 'definir un mejor los movimientos en piso', NULL),
	(826, 277, 53, 'ZPuO87FhKpMDddSEiXnxSz2cgev1', 1, 'Cuida tus pies y puntas. Muy buena entrada pero si hay alg칰nError no lo hagas evidente. ', NULL),
	(827, 277, 54, 'yfcJxYHtYiROow7x6nGWJP2NLZu2', 1, '', NULL),
	(828, 277, 55, 'dDzrwO98tvPT0g9t0chhffbNkyB3', 1, NULL, NULL);
/*!40000 ALTER TABLE `exam_impro_ap_parameter` ENABLE KEYS */;

-- Dumping structure for table entities.exam_impro_ap_question
CREATE TABLE IF NOT EXISTS `exam_impro_ap_question` (
  `id` int(11) NOT NULL AUTO_INCREMENT,
  `exam_impro_ap_criteria_id` int(11) NOT NULL,
  `exam_impro_question_id` int(11) NOT NULL,
  `graded` decimal(10,1) DEFAULT NULL,
  PRIMARY KEY (`id`),
  UNIQUE KEY `criteria_question_unique` (`exam_impro_ap_criteria_id`,`exam_impro_question_id`),
  KEY `FK_exam_impro_ap_question_exam_impro_question` (`exam_impro_question_id`),
  CONSTRAINT `FK_exam_impro_ap_question_exam_impro_ap_criteria` FOREIGN KEY (`exam_impro_ap_criteria_id`) REFERENCES `exam_impro_ap_criteria` (`id`) ON DELETE CASCADE,
  CONSTRAINT `FK_exam_impro_ap_question_exam_impro_question` FOREIGN KEY (`exam_impro_question_id`) REFERENCES `exam_impro_question` (`id`) ON DELETE CASCADE
) ENGINE=InnoDB AUTO_INCREMENT=4428 DEFAULT CHARSET=utf8mb4;

-- Dumping data for table entities.exam_impro_ap_question: ~1,306 rows (approximately)
DELETE FROM `exam_impro_ap_question`;
/*!40000 ALTER TABLE `exam_impro_ap_question` DISABLE KEYS */;
INSERT INTO `exam_impro_ap_question` (`id`, `exam_impro_ap_criteria_id`, `exam_impro_question_id`, `graded`) VALUES
	(3120, 3071, 200, 1.0),
	(3121, 3071, 397, 1.0),
	(3122, 3071, 417, 0.8),
	(3123, 3074, 411, 1.0),
	(3124, 3074, 412, 0.8),
	(3125, 3074, 413, 1.0),
	(3126, 3075, 419, 1.0),
	(3127, 3075, 420, 1.0),
	(3128, 3075, 421, 1.0),
	(3129, 3075, 422, 1.0),
	(3130, 3075, 423, 0.4),
	(3131, 3066, 172, 1.0),
	(3132, 3066, 173, 1.0),
	(3133, 3066, 174, 0.4),
	(3134, 3067, 175, 0.4),
	(3135, 3067, 176, 0.6),
	(3136, 3067, 177, 1.0),
	(3137, 3067, 396, 0.2),
	(3138, 3068, 178, 0.6),
	(3139, 3068, 180, 1.0),
	(3140, 3069, 181, 1.0),
	(3141, 3069, 183, 0.6),
	(3142, 3069, 184, 0.6),
	(3143, 3069, 182, 1.0),
	(3144, 3070, 185, 1.0),
	(3145, 3070, 186, 0.4),
	(3146, 3094, 240, 0.6),
	(3147, 3094, 241, 0.6),
	(3148, 3094, 415, 0.4),
	(3149, 3095, 237, 0.6),
	(3150, 3095, 238, 0.6),
	(3151, 3095, 416, 0.6),
	(3152, 3096, 242, 0.8),
	(3153, 3096, 243, 0.6),
	(3154, 3097, 232, 0.6),
	(3155, 3097, 233, 0.6),
	(3156, 3097, 235, 0.6),
	(3157, 3097, 410, 0.6),
	(3158, 3088, 404, 1.0),
	(3159, 3090, 408, 1.0),
	(3160, 3091, 211, 1.0),
	(3161, 3091, 212, 1.0),
	(3162, 3091, 213, 1.0),
	(3163, 3091, 215, 1.0),
	(3164, 3091, 216, 1.0),
	(3165, 3092, 217, 1.0),
	(3166, 3092, 218, 0.8),
	(3167, 3092, 409, 0.8),
	(3168, 3093, 219, 1.0),
	(3169, 3103, 200, 1.0),
	(3170, 3103, 397, 1.0),
	(3171, 3103, 417, 0.8),
	(3172, 3106, 411, 1.0),
	(3173, 3106, 412, 0.8),
	(3174, 3106, 413, 1.0),
	(3175, 3107, 419, 1.0),
	(3176, 3107, 420, 1.0),
	(3177, 3107, 421, 1.0),
	(3178, 3107, 422, 0.8),
	(3179, 3107, 423, 1.0),
	(3180, 3120, 404, 1.0),
	(3181, 3123, 211, 1.0),
	(3182, 3123, 212, 0.8),
	(3183, 3123, 213, 1.0),
	(3184, 3123, 215, 1.0),
	(3185, 3123, 216, 1.0),
	(3186, 3124, 217, 1.0),
	(3187, 3124, 218, 1.0),
	(3188, 3124, 409, 1.0),
	(3189, 3125, 219, 1.0),
	(3190, 3126, 240, 0.8),
	(3191, 3126, 241, 0.8),
	(3192, 3126, 415, 0.8),
	(3193, 3127, 237, 0.6),
	(3194, 3127, 238, 0.8),
	(3195, 3127, 416, 0.8),
	(3196, 3128, 242, 0.8),
	(3197, 3128, 243, 0.8),
	(3198, 3129, 232, 0.8),
	(3199, 3129, 233, 0.8),
	(3200, 3129, 235, 1.0),
	(3201, 3129, 410, 0.8),
	(3202, 3098, 172, 0.6),
	(3203, 3098, 173, 1.0),
	(3204, 3098, 174, 0.6),
	(3205, 3099, 175, 0.4),
	(3206, 3099, 176, 0.4),
	(3207, 3099, 177, 0.2),
	(3208, 3099, 396, 0.6),
	(3209, 3100, 178, 0.6),
	(3210, 3100, 180, 0.6),
	(3211, 3101, 181, 1.0),
	(3212, 3101, 183, 0.4),
	(3213, 3101, 184, 1.0),
	(3214, 3101, 182, 1.0),
	(3215, 3102, 185, 1.0),
	(3216, 3102, 186, 0.4),
	(3217, 3135, 200, 0.8),
	(3218, 3135, 397, 0.8),
	(3219, 3135, 417, 1.0),
	(3220, 3138, 411, 0.8),
	(3221, 3138, 412, 0.8),
	(3222, 3138, 413, 0.8),
	(3223, 3139, 419, 1.0),
	(3224, 3139, 420, 1.0),
	(3225, 3139, 421, 1.0),
	(3226, 3139, 422, 0.8),
	(3227, 3139, 423, 1.0),
	(3228, 3152, 404, 1.0),
	(3229, 3154, 408, 1.0),
	(3230, 3155, 211, 1.0),
	(3231, 3155, 212, 1.0),
	(3232, 3155, 213, 1.0),
	(3233, 3155, 215, 1.0),
	(3234, 3155, 216, 1.0),
	(3235, 3156, 217, 1.0),
	(3236, 3156, 218, 1.0),
	(3237, 3156, 409, 0.8),
	(3238, 3157, 219, 1.0),
	(3239, 3158, 240, 0.8),
	(3240, 3158, 241, 0.8),
	(3241, 3158, 415, 0.8),
	(3242, 3159, 237, 0.8),
	(3243, 3159, 238, 0.8),
	(3244, 3159, 416, 0.8),
	(3245, 3160, 242, 0.8),
	(3246, 3160, 243, 0.8),
	(3247, 3161, 232, 0.6),
	(3248, 3161, 233, 0.8),
	(3249, 3161, 235, 0.6),
	(3250, 3161, 410, 0.8),
	(3251, 3130, 172, 0.6),
	(3252, 3130, 173, 1.0),
	(3253, 3130, 174, 0.4),
	(3254, 3131, 175, 0.6),
	(3255, 3131, 176, 0.8),
	(3256, 3131, 177, 1.0),
	(3257, 3131, 396, 0.4),
	(3258, 3132, 178, 0.8),
	(3259, 3132, 180, 1.0),
	(3260, 3133, 181, 0.4),
	(3261, 3133, 183, 1.0),
	(3262, 3133, 184, 1.0),
	(3263, 3133, 182, 1.0),
	(3264, 3134, 185, 1.0),
	(3265, 3134, 186, 0.4),
	(3266, 3170, 136, 0.8),
	(3267, 3170, 470, 0.8),
	(3268, 3171, 138, 1.0),
	(3269, 3171, 139, 1.0),
	(3270, 3172, 140, 1.0),
	(3271, 3172, 141, 0.8),
	(3272, 3173, 142, 1.0),
	(3273, 3173, 143, 1.0),
	(3274, 3173, 144, 1.0),
	(3275, 3173, 145, 1.0),
	(3276, 3174, 156, 0.8),
	(3277, 3174, 157, 0.8),
	(3278, 3174, 471, 0.8),
	(3279, 3175, 159, 0.6),
	(3280, 3175, 472, 0.4),
	(3281, 3176, 154, 0.6),
	(3282, 3176, 155, 0.4),
	(3283, 3177, 146, 0.6),
	(3284, 3177, 148, 0.6),
	(3285, 3177, 149, 0.6),
	(3286, 3177, 150, 0.6),
	(3287, 3177, 151, 0.6),
	(3288, 3167, 119, 1.0),
	(3289, 3167, 120, 1.0),
	(3290, 3167, 121, 0.8),
	(3291, 3168, 122, 1.0),
	(3292, 3168, 123, 1.0),
	(3293, 3168, 124, 1.0),
	(3294, 3168, 125, 0.8),
	(3295, 3169, 473, 1.0),
	(3296, 3169, 474, 0.8),
	(3297, 3169, 475, 1.0),
	(3298, 3169, 476, 1.0),
	(3299, 3169, 477, 1.0),
	(3300, 3162, 106, 0.6),
	(3301, 3162, 108, 0.4),
	(3302, 3163, 110, 0.6),
	(3303, 3163, 111, 0.6),
	(3304, 3164, 112, 0.4),
	(3305, 3164, 469, 0.4),
	(3306, 3165, 118, 0.4),
	(3307, 3166, 113, 0.4),
	(3308, 3166, 114, 0.4),
	(3309, 3166, 115, 0.6),
	(3310, 3166, 116, 0.6),
	(3311, 3183, 200, 1.0),
	(3312, 3183, 397, 1.0),
	(3313, 3183, 417, 1.0),
	(3314, 3184, 202, 1.0),
	(3315, 3184, 203, 1.0),
	(3316, 3184, 204, 1.0),
	(3317, 3184, 418, 1.0),
	(3318, 3185, 399, 1.0),
	(3319, 3185, 400, 1.0),
	(3320, 3185, 401, 1.0),
	(3321, 3185, 402, 1.0),
	(3322, 3185, 403, 1.0),
	(3323, 3200, 404, 1.0),
	(3324, 3203, 211, 1.0),
	(3325, 3203, 212, 1.0),
	(3326, 3203, 213, 1.0),
	(3327, 3203, 215, 1.0),
	(3328, 3203, 216, 1.0),
	(3329, 3204, 217, 1.0),
	(3330, 3204, 218, 0.8),
	(3331, 3204, 409, 1.0),
	(3332, 3205, 219, 1.0),
	(3333, 3206, 240, 0.8),
	(3334, 3206, 241, 0.8),
	(3335, 3206, 415, 0.8),
	(3336, 3207, 237, 0.8),
	(3337, 3207, 238, 0.8),
	(3338, 3207, 416, 1.0),
	(3339, 3208, 242, 0.8),
	(3340, 3208, 243, 0.6),
	(3341, 3209, 232, 0.6),
	(3342, 3209, 233, 0.8),
	(3343, 3209, 235, 0.8),
	(3344, 3209, 410, 0.8),
	(3345, 3178, 172, 0.6),
	(3346, 3178, 173, 0.8),
	(3347, 3178, 174, 0.6),
	(3348, 3179, 175, 0.8),
	(3349, 3179, 176, 0.8),
	(3350, 3179, 177, 0.6),
	(3351, 3179, 396, 0.6),
	(3352, 3180, 178, 0.6),
	(3353, 3180, 180, 0.4),
	(3354, 3181, 181, 0.6),
	(3355, 3181, 183, 0.6),
	(3356, 3181, 184, 0.6),
	(3357, 3181, 182, 0.6),
	(3358, 3182, 185, 0.6),
	(3359, 3182, 186, 0.6),
	(3360, 3266, 240, 0.8),
	(3361, 3266, 241, 0.8),
	(3362, 3266, 415, 0.6),
	(3363, 3267, 237, 0.8),
	(3364, 3267, 238, 0.8),
	(3365, 3267, 416, 0.6),
	(3366, 3268, 242, 0.8),
	(3367, 3268, 243, 0.6),
	(3368, 3269, 232, 0.8),
	(3369, 3269, 233, 0.8),
	(3370, 3269, 235, 0.8),
	(3371, 3269, 410, 0.8),
	(3372, 3260, 404, 1.0),
	(3373, 3263, 211, 0.8),
	(3374, 3263, 212, 0.8),
	(3375, 3263, 213, 1.0),
	(3376, 3263, 215, 1.0),
	(3377, 3263, 216, 1.0),
	(3378, 3264, 217, 1.0),
	(3379, 3264, 218, 0.8),
	(3380, 3264, 409, 0.8),
	(3381, 3265, 219, 1.0),
	(3382, 3243, 200, 1.0),
	(3383, 3243, 397, 1.0),
	(3384, 3243, 417, 0.8),
	(3385, 3244, 202, 1.0),
	(3386, 3244, 203, 1.0),
	(3387, 3244, 204, 0.8),
	(3388, 3244, 418, 1.0),
	(3389, 3245, 399, 1.0),
	(3390, 3245, 400, 1.0),
	(3391, 3245, 401, 1.0),
	(3392, 3245, 402, 1.0),
	(3393, 3245, 403, 1.0),
	(3394, 3238, 172, 0.6),
	(3395, 3238, 173, 0.6),
	(3396, 3238, 174, 0.6),
	(3397, 3239, 175, 0.6),
	(3398, 3239, 176, 0.6),
	(3399, 3239, 177, 0.6),
	(3400, 3239, 396, 0.6),
	(3401, 3240, 178, 0.4),
	(3402, 3240, 180, 0.4),
	(3403, 3241, 181, 0.6),
	(3404, 3241, 183, 0.4),
	(3405, 3241, 184, 0.6),
	(3406, 3241, 182, 0.6),
	(3407, 3242, 185, 0.6),
	(3408, 3242, 186, 0.6),
	(3409, 3294, 300, 1.0),
	(3410, 3297, 292, 0.8),
	(3411, 3297, 293, 1.0),
	(3412, 3298, 294, 1.0),
	(3413, 3298, 295, 1.0),
	(3414, 3299, 289, 1.0),
	(3415, 3299, 290, 1.0),
	(3416, 3299, 291, 1.0),
	(3417, 3299, 481, 1.0),
	(3418, 3300, 297, 1.0),
	(3419, 3301, 482, 1.0),
	(3420, 3301, 483, 1.0),
	(3421, 3270, 249, 1.0),
	(3422, 3270, 251, 0.8),
	(3423, 3271, 252, 1.0),
	(3424, 3271, 253, 1.0),
	(3425, 3272, 254, 1.0),
	(3426, 3272, 255, 0.6),
	(3427, 3272, 256, 0.6),
	(3428, 3272, 257, 0.4),
	(3429, 3273, 258, 1.0),
	(3430, 3273, 259, 0.6),
	(3431, 3273, 260, 0.6),
	(3432, 3273, 261, 0.6),
	(3433, 3274, 262, 1.0),
	(3434, 3274, 263, 0.4),
	(3435, 3302, 316, 0.8),
	(3436, 3302, 318, 0.6),
	(3437, 3303, 313, 0.8),
	(3438, 3303, 314, 0.8),
	(3439, 3303, 315, 0.8),
	(3440, 3304, 320, 0.6),
	(3441, 3305, 308, 0.8),
	(3442, 3305, 309, 0.6),
	(3443, 3305, 310, 0.6),
	(3444, 3305, 312, 0.8),
	(3445, 3305, 484, 0.8),
	(3446, 3305, 485, 0.8),
	(3447, 3275, 278, 0.6),
	(3448, 3275, 277, 0.8),
	(3449, 3275, 275, 0.6),
	(3450, 3275, 276, 0.6),
	(3451, 3278, 492, 1.0),
	(3452, 3278, 493, 0.8),
	(3453, 3278, 494, 0.6),
	(3454, 3278, 495, 1.0),
	(3455, 3279, 496, 1.0),
	(3456, 3279, 497, 1.0),
	(3457, 3279, 498, 1.0),
	(3458, 3279, 499, 0.8),
	(3459, 3279, 500, 0.8),
	(3460, 3311, 200, 0.6),
	(3461, 3311, 397, 0.4),
	(3462, 3311, 417, 0.6),
	(3463, 3316, 424, 1.0),
	(3464, 3316, 425, 1.0),
	(3465, 3316, 451, 0.8),
	(3466, 3316, 452, 1.0),
	(3467, 3317, 426, 1.0),
	(3468, 3317, 427, 1.0),
	(3469, 3317, 428, 1.0),
	(3470, 3317, 429, 0.8),
	(3471, 3317, 430, 1.0),
	(3472, 3328, 404, 1.0),
	(3473, 3331, 211, 0.8),
	(3474, 3331, 212, 1.0),
	(3475, 3331, 213, 0.4),
	(3476, 3331, 215, 0.4),
	(3477, 3331, 216, 0.6),
	(3478, 3332, 217, 0.8),
	(3479, 3332, 218, 0.8),
	(3480, 3332, 409, 0.6),
	(3481, 3333, 219, 1.0),
	(3482, 3306, 172, 0.4),
	(3483, 3306, 173, 0.8),
	(3484, 3306, 174, 0.2),
	(3485, 3307, 175, 0.4),
	(3486, 3307, 176, 0.2),
	(3487, 3307, 177, 0.4),
	(3488, 3307, 396, 0.2),
	(3489, 3308, 178, 0.2),
	(3490, 3308, 180, 0.4),
	(3491, 3309, 181, 1.0),
	(3492, 3309, 183, 0.4),
	(3493, 3309, 184, 0.4),
	(3494, 3309, 182, 0.2),
	(3495, 3310, 185, 1.0),
	(3496, 3310, 186, 0.4),
	(3497, 3334, 240, 0.6),
	(3498, 3334, 241, 0.6),
	(3499, 3334, 415, 0.6),
	(3500, 3335, 237, 0.6),
	(3501, 3335, 238, 0.6),
	(3502, 3335, 416, 0.6),
	(3503, 3336, 242, 0.6),
	(3504, 3336, 243, 0.6),
	(3505, 3337, 232, 0.6),
	(3506, 3337, 233, 0.6),
	(3507, 3337, 235, 0.4),
	(3508, 3337, 410, 0.6),
	(3509, 3338, 249, 1.0),
	(3510, 3338, 251, 0.8),
	(3511, 3339, 252, 0.4),
	(3512, 3339, 253, 0.4),
	(3513, 3340, 254, 0.8),
	(3514, 3340, 255, 0.4),
	(3515, 3340, 256, 0.2),
	(3516, 3340, 257, 0.4),
	(3517, 3341, 258, 0.4),
	(3518, 3341, 259, 0.4),
	(3519, 3341, 260, 1.0),
	(3520, 3341, 261, 1.0),
	(3521, 3342, 262, 1.0),
	(3522, 3342, 263, 0.4),
	(3523, 3343, 278, 0.8),
	(3524, 3343, 277, 0.8),
	(3525, 3343, 275, 0.6),
	(3526, 3343, 276, 0.6),
	(3527, 3348, 536, 0.8),
	(3528, 3348, 537, 0.8),
	(3529, 3348, 538, 0.6),
	(3530, 3348, 539, 1.0),
	(3531, 3349, 501, 1.0),
	(3532, 3349, 502, 0.8),
	(3533, 3349, 503, 0.8),
	(3534, 3349, 504, 0.8),
	(3535, 3349, 505, 1.0),
	(3536, 3370, 316, 0.4),
	(3537, 3370, 318, 0.4),
	(3538, 3371, 313, 0.6),
	(3539, 3371, 314, 0.4),
	(3540, 3371, 315, 0.6),
	(3541, 3372, 320, 0.8),
	(3542, 3373, 308, 0.4),
	(3543, 3373, 309, 0.6),
	(3544, 3373, 310, 0.6),
	(3545, 3373, 312, 0.6),
	(3546, 3373, 484, 0.6),
	(3547, 3373, 485, 0.6),
	(3548, 3362, 300, 0.8),
	(3549, 3365, 292, 1.0),
	(3550, 3365, 293, 1.0),
	(3551, 3366, 294, 1.0),
	(3552, 3366, 295, 1.0),
	(3553, 3367, 289, 1.0),
	(3554, 3367, 290, 1.0),
	(3555, 3367, 291, 1.0),
	(3556, 3367, 481, 0.8),
	(3557, 3368, 297, 1.0),
	(3558, 3369, 482, 1.0),
	(3559, 3369, 483, 1.0),
	(3560, 3374, 172, 1.0),
	(3561, 3374, 173, 1.0),
	(3562, 3374, 174, 0.4),
	(3563, 3375, 175, 0.8),
	(3564, 3375, 176, 0.6),
	(3565, 3375, 177, 0.6),
	(3566, 3375, 396, 0.4),
	(3567, 3376, 178, 0.6),
	(3568, 3376, 180, 0.4),
	(3569, 3377, 181, 0.6),
	(3570, 3377, 183, 0.4),
	(3571, 3377, 184, 0.6),
	(3572, 3377, 182, 0.4),
	(3573, 3378, 185, 1.0),
	(3574, 3378, 186, 0.4),
	(3575, 3379, 200, 1.0),
	(3576, 3379, 397, 0.8),
	(3577, 3379, 417, 1.0),
	(3578, 3386, 454, 1.0),
	(3579, 3386, 455, 1.0),
	(3580, 3386, 456, 0.8),
	(3581, 3386, 457, 1.0),
	(3582, 3387, 431, 1.0),
	(3583, 3387, 432, 1.0),
	(3584, 3387, 433, 1.0),
	(3585, 3387, 434, 1.0),
	(3586, 3387, 435, 1.0),
	(3587, 3396, 404, 1.0),
	(3588, 3398, 408, 1.0),
	(3589, 3399, 211, 1.0),
	(3590, 3399, 212, 0.8),
	(3591, 3399, 213, 1.0),
	(3592, 3399, 215, 1.0),
	(3593, 3399, 216, 1.0),
	(3594, 3400, 217, 1.0),
	(3595, 3400, 218, 1.0),
	(3596, 3400, 409, 0.8),
	(3597, 3401, 219, 1.0),
	(3598, 3402, 240, 0.6),
	(3599, 3402, 241, 0.6),
	(3600, 3402, 415, 0.6),
	(3601, 3403, 237, 0.6),
	(3602, 3403, 238, 0.6),
	(3603, 3403, 416, 0.8),
	(3604, 3404, 242, 0.8),
	(3605, 3404, 243, 0.8),
	(3606, 3405, 232, 0.6),
	(3607, 3405, 233, 0.6),
	(3608, 3405, 235, 0.8),
	(3609, 3405, 410, 0.4),
	(3610, 3411, 278, 0.6),
	(3611, 3411, 277, 0.6),
	(3612, 3411, 275, 0.8),
	(3613, 3411, 276, 0.6),
	(3614, 3418, 540, 0.8),
	(3615, 3418, 541, 0.6),
	(3616, 3418, 542, 0.8),
	(3617, 3419, 506, 1.0),
	(3618, 3419, 507, 1.0),
	(3619, 3419, 508, 1.0),
	(3620, 3419, 509, 1.0),
	(3621, 3419, 510, 0.6),
	(3622, 3430, 300, 1.0),
	(3623, 3431, 301, 1.0),
	(3624, 3432, 302, 0.8),
	(3625, 3433, 292, 0.8),
	(3626, 3433, 293, 1.0),
	(3627, 3434, 294, 1.0),
	(3628, 3434, 295, 1.0),
	(3629, 3435, 289, 1.0),
	(3630, 3435, 290, 1.0),
	(3631, 3435, 291, 1.0),
	(3632, 3435, 481, 1.0),
	(3633, 3436, 297, 1.0),
	(3634, 3437, 482, 1.0),
	(3635, 3437, 483, 1.0),
	(3636, 3438, 316, 0.8),
	(3637, 3438, 318, 0.6),
	(3638, 3439, 313, 0.8),
	(3639, 3439, 314, 0.6),
	(3640, 3439, 315, 0.4),
	(3641, 3440, 320, 0.4),
	(3642, 3441, 308, 0.6),
	(3643, 3441, 309, 0.4),
	(3644, 3441, 310, 0.6),
	(3645, 3441, 312, 0.6),
	(3646, 3441, 484, 0.4),
	(3647, 3441, 485, 0.6),
	(3648, 3406, 249, 0.8),
	(3649, 3406, 251, 0.8),
	(3650, 3407, 252, 0.4),
	(3651, 3407, 253, 0.8),
	(3652, 3408, 254, 0.6),
	(3653, 3408, 255, 0.4),
	(3654, 3408, 256, 0.2),
	(3655, 3408, 257, 0.6),
	(3656, 3409, 258, 0.4),
	(3657, 3409, 259, 1.0),
	(3658, 3409, 260, 0.6),
	(3659, 3409, 261, 1.0),
	(3660, 3410, 262, 1.0),
	(3661, 3410, 263, 0.4),
	(3662, 4003, 200, 0.2),
	(3663, 4003, 397, 0.4),
	(3664, 4003, 417, 0.4),
	(3665, 4012, 458, 0.4),
	(3666, 4012, 459, 0.2),
	(3667, 4012, 460, 0.6),
	(3668, 4013, 436, 1.0),
	(3669, 4013, 437, 1.0),
	(3670, 4013, 438, 1.0),
	(3671, 4013, 439, 0.2),
	(3672, 4013, 440, 1.0),
	(3673, 3998, 172, 0.6),
	(3674, 3998, 173, 1.0),
	(3675, 3998, 174, 0.2),
	(3676, 3999, 175, 0.4),
	(3677, 3999, 176, 0.2),
	(3678, 3999, 177, 0.2),
	(3679, 3999, 396, 0.4),
	(3680, 4000, 178, 0.4),
	(3681, 4000, 180, 0.4),
	(3682, 4001, 181, 0.4),
	(3683, 4001, 183, 0.4),
	(3684, 4001, 184, 1.0),
	(3685, 4001, 182, 0.4),
	(3686, 4002, 185, 1.0),
	(3687, 4002, 186, 0.2),
	(3688, 4020, 404, 1.0),
	(3689, 4022, 408, 0.8),
	(3690, 4023, 211, 1.0),
	(3691, 4023, 212, 1.0),
	(3692, 4023, 213, 1.0),
	(3693, 4023, 215, 1.0),
	(3694, 4023, 216, 1.0),
	(3695, 4024, 217, 0.8),
	(3696, 4024, 218, 1.0),
	(3697, 4024, 409, 1.0),
	(3698, 4025, 219, 1.0),
	(3699, 4026, 240, 0.4),
	(3700, 4026, 241, 0.4),
	(3701, 4026, 415, 0.4),
	(3702, 4027, 237, 0.2),
	(3703, 4027, 238, 0.2),
	(3704, 4027, 416, 0.2),
	(3705, 4028, 242, 0.6),
	(3706, 4028, 243, 0.4),
	(3707, 4029, 232, 0.4),
	(3708, 4029, 233, 0.4),
	(3709, 4029, 235, 0.4),
	(3710, 4029, 410, 0.6),
	(3711, 3479, 278, 1.0),
	(3712, 3479, 277, 1.0),
	(3713, 3479, 275, 0.8),
	(3714, 3479, 276, 1.0),
	(3715, 3486, 540, 0.8),
	(3716, 3486, 541, 1.0),
	(3717, 3486, 542, 1.0),
	(3718, 3487, 506, 1.0),
	(3719, 3487, 507, 1.0),
	(3720, 3487, 508, 1.0),
	(3721, 3487, 509, 0.6),
	(3722, 3487, 510, 1.0),
	(3723, 3474, 249, 1.0),
	(3724, 3474, 251, 1.0),
	(3725, 3475, 252, 0.8),
	(3726, 3475, 253, 0.8),
	(3727, 3476, 254, 1.0),
	(3728, 3476, 255, 0.6),
	(3729, 3476, 256, 0.6),
	(3730, 3476, 257, 0.8),
	(3731, 3477, 258, 1.0),
	(3732, 3477, 259, 1.0),
	(3733, 3477, 260, 1.0),
	(3734, 3477, 261, 1.0),
	(3735, 3478, 262, 1.0),
	(3736, 3478, 263, 0.8),
	(3737, 3506, 316, 0.8),
	(3738, 3506, 318, 0.6),
	(3739, 3507, 313, 0.8),
	(3740, 3507, 314, 0.6),
	(3741, 3507, 315, 0.8),
	(3742, 3508, 320, 0.4),
	(3743, 3509, 308, 0.6),
	(3744, 3509, 309, 0.8),
	(3745, 3509, 310, 0.8),
	(3746, 3509, 312, 0.6),
	(3747, 3509, 484, 0.6),
	(3748, 3509, 485, 0.6),
	(3749, 3498, 300, 1.0),
	(3750, 3499, 301, 1.0),
	(3751, 3500, 302, 1.0),
	(3752, 3501, 292, 1.0),
	(3753, 3501, 293, 1.0),
	(3754, 3502, 294, 1.0),
	(3755, 3502, 295, 1.0),
	(3756, 3503, 289, 1.0),
	(3757, 3503, 290, 1.0),
	(3758, 3503, 291, 1.0),
	(3759, 3503, 481, 1.0),
	(3760, 3504, 297, 1.0),
	(3761, 3505, 482, 1.0),
	(3762, 3505, 483, 1.0),
	(3763, 3515, 200, 0.8),
	(3764, 3515, 397, 0.8),
	(3765, 3515, 417, 1.0),
	(3766, 3526, 461, 1.0),
	(3767, 3526, 462, 1.0),
	(3768, 3526, 463, 1.0),
	(3769, 3526, 464, 1.0),
	(3770, 3527, 441, 1.0),
	(3771, 3527, 442, 0.8),
	(3772, 3527, 443, 1.0),
	(3773, 3527, 444, 0.4),
	(3774, 3527, 445, 1.0),
	(3775, 3532, 404, 1.0),
	(3776, 3535, 211, 1.0),
	(3777, 3535, 212, 1.0),
	(3778, 3535, 213, 1.0),
	(3779, 3535, 215, 1.0),
	(3780, 3535, 216, 1.0),
	(3781, 3536, 217, 1.0),
	(3782, 3536, 218, 0.8),
	(3783, 3536, 409, 1.0),
	(3784, 3537, 219, 1.0),
	(3785, 3538, 240, 0.8),
	(3786, 3538, 241, 0.6),
	(3787, 3538, 415, 0.6),
	(3788, 3539, 237, 0.8),
	(3789, 3539, 238, 0.8),
	(3790, 3539, 416, 0.8),
	(3791, 3540, 242, 0.8),
	(3792, 3540, 243, 0.6),
	(3793, 3541, 232, 0.8),
	(3794, 3541, 233, 0.8),
	(3795, 3541, 235, 0.8),
	(3796, 3541, 410, 0.6),
	(3797, 3510, 172, 0.6),
	(3798, 3510, 173, 0.6),
	(3799, 3510, 174, 0.8),
	(3800, 3511, 175, 0.6),
	(3801, 3511, 176, 0.8),
	(3802, 3511, 177, 0.4),
	(3803, 3511, 396, 0.6),
	(3804, 3512, 178, 0.4),
	(3805, 3512, 180, 0.4),
	(3806, 3513, 181, 0.8),
	(3807, 3513, 183, 0.6),
	(3808, 3513, 184, 0.6),
	(3809, 3513, 182, 0.8),
	(3810, 3514, 185, 0.8),
	(3811, 3514, 186, 0.4),
	(3812, 4054, 300, 0.8),
	(3813, 4057, 292, 0.8),
	(3814, 4057, 293, 0.8),
	(3815, 4058, 294, 1.0),
	(3816, 4058, 295, 1.0),
	(3817, 4059, 289, 1.0),
	(3818, 4059, 290, 1.0),
	(3819, 4059, 291, 1.0),
	(3820, 4059, 481, 0.8),
	(3821, 4060, 297, 1.0),
	(3822, 4061, 482, 1.0),
	(3823, 4061, 483, 1.0),
	(3824, 4062, 316, 0.6),
	(3825, 4062, 318, 0.4),
	(3826, 4063, 313, 0.2),
	(3827, 4063, 314, 0.2),
	(3828, 4063, 315, 0.2),
	(3829, 4064, 320, 0.4),
	(3830, 4065, 308, 0.4),
	(3831, 4065, 309, 0.4),
	(3832, 4065, 310, 0.4),
	(3833, 4065, 312, 0.4),
	(3834, 4065, 484, 0.4),
	(3835, 4065, 485, 0.2),
	(3836, 4030, 249, 0.8),
	(3837, 4030, 251, 0.8),
	(3838, 4031, 252, 0.8),
	(3839, 4031, 253, 0.8),
	(3840, 4032, 254, 1.0),
	(3841, 4032, 255, 0.8),
	(3842, 4032, 256, 0.8),
	(3843, 4032, 257, 1.0),
	(3844, 4033, 258, 0.8),
	(3845, 4033, 259, 0.8),
	(3846, 4033, 260, 0.8),
	(3847, 4033, 261, 0.8),
	(3848, 4034, 262, 0.8),
	(3849, 4034, 263, 1.0),
	(3850, 4035, 278, 0.6),
	(3851, 4035, 277, 0.4),
	(3852, 4035, 275, 0.4),
	(3853, 4035, 276, 0.6),
	(3854, 4043, 506, 1.0),
	(3855, 4043, 507, 0.8),
	(3856, 4043, 508, 1.0),
	(3857, 4043, 509, 0.6),
	(3858, 4043, 510, 1.0),
	(3859, 4044, 347, 0.6),
	(3860, 4044, 348, 0.8),
	(3861, 4044, 349, 0.6),
	(3862, 4044, 350, 1.0),
	(3863, 4045, 511, 1.0),
	(3864, 4045, 512, 0.8),
	(3865, 4045, 513, 1.0),
	(3866, 4045, 514, 0.6),
	(3867, 4045, 515, 1.0),
	(3868, 3610, 316, 0.6),
	(3869, 3610, 318, 0.4),
	(3870, 3611, 313, 0.4),
	(3871, 3611, 314, 0.4),
	(3872, 3611, 315, 0.4),
	(3873, 3612, 320, 0.4),
	(3874, 3613, 308, 0.4),
	(3875, 3613, 309, 0.4),
	(3876, 3613, 310, 0.4),
	(3877, 3613, 312, 0.4),
	(3878, 3613, 484, 0.4),
	(3879, 3613, 485, 0.4),
	(3880, 3602, 300, 0.8),
	(3881, 3605, 292, 1.0),
	(3882, 3605, 293, 0.8),
	(3883, 3606, 294, 1.0),
	(3884, 3606, 295, 1.0),
	(3885, 3607, 289, 1.0),
	(3886, 3607, 290, 1.0),
	(3887, 3607, 291, 1.0),
	(3888, 3607, 481, 0.8),
	(3889, 3608, 297, 1.0),
	(3890, 3609, 482, 1.0),
	(3891, 3609, 483, 1.0),
	(3892, 3583, 278, 0.6),
	(3893, 3583, 277, 0.4),
	(3894, 3583, 275, 0.8),
	(3895, 3583, 276, 0.4),
	(3896, 3592, 347, 0.6),
	(3897, 3592, 348, 0.6),
	(3898, 3592, 349, 0.6),
	(3899, 3592, 350, 1.0),
	(3900, 3593, 511, 1.0),
	(3901, 3593, 512, 1.0),
	(3902, 3593, 513, 1.0),
	(3903, 3593, 514, 0.6),
	(3904, 3593, 515, 1.0),
	(3905, 3578, 249, 0.6),
	(3906, 3578, 251, 0.4),
	(3907, 3579, 252, 0.6),
	(3908, 3579, 253, 0.6),
	(3909, 3580, 254, 0.6),
	(3910, 3580, 255, 0.6),
	(3911, 3580, 256, 0.8),
	(3912, 3580, 257, 0.8),
	(3913, 3581, 258, 0.6),
	(3914, 3581, 259, 0.4),
	(3915, 3581, 260, 0.6),
	(3916, 3581, 261, 0.6),
	(3917, 3582, 262, 0.4),
	(3918, 3582, 263, 0.6),
	(3919, 3668, 404, 1.0),
	(3920, 3671, 211, 1.0),
	(3921, 3671, 212, 0.8),
	(3922, 3671, 213, 1.0),
	(3923, 3671, 215, 1.0),
	(3924, 3671, 216, 1.0),
	(3925, 3672, 217, 1.0),
	(3926, 3672, 218, 0.8),
	(3927, 3672, 409, 1.0),
	(3928, 3673, 219, 1.0),
	(3929, 3674, 240, 0.8),
	(3930, 3674, 241, 0.8),
	(3931, 3674, 415, 0.6),
	(3932, 3675, 237, 0.6),
	(3933, 3675, 238, 0.4),
	(3934, 3675, 416, 0.4),
	(3935, 3676, 242, 0.4),
	(3936, 3676, 243, 0.4),
	(3937, 3677, 232, 0.6),
	(3938, 3677, 233, 0.4),
	(3939, 3677, 235, 0.4),
	(3940, 3677, 410, 0.8),
	(3941, 3646, 172, 0.4),
	(3942, 3646, 173, 1.0),
	(3943, 3646, 174, 0.4),
	(3944, 3647, 175, 0.8),
	(3945, 3647, 176, 0.6),
	(3946, 3647, 177, 0.6),
	(3947, 3647, 396, 0.6),
	(3948, 3648, 178, 1.0),
	(3949, 3648, 180, 0.6),
	(3950, 3649, 181, 1.0),
	(3951, 3649, 183, 0.4),
	(3952, 3649, 184, 0.6),
	(3953, 3649, 182, 0.6),
	(3954, 3650, 185, 1.0),
	(3955, 3650, 186, 0.4),
	(3956, 3651, 200, 0.8),
	(3957, 3651, 397, 0.8),
	(3958, 3651, 417, 1.0),
	(3959, 3666, 668, 1.0),
	(3960, 3666, 669, 1.0),
	(3961, 3666, 670, 0.8),
	(3962, 3666, 671, 1.0),
	(3963, 3667, 672, 1.0),
	(3964, 3667, 673, 1.0),
	(3965, 3667, 674, 1.0),
	(3966, 3667, 675, 1.0),
	(3967, 3667, 676, 1.0),
	(3968, 3678, 249, 0.8),
	(3969, 3678, 251, 0.8),
	(3970, 3679, 252, 0.2),
	(3971, 3679, 253, 1.0),
	(3972, 3680, 254, 0.6),
	(3973, 3680, 255, 0.4),
	(3974, 3680, 256, 0.4),
	(3975, 3680, 257, 0.6),
	(3976, 3681, 258, 1.0),
	(3977, 3681, 259, 0.2),
	(3978, 3681, 260, 1.0),
	(3979, 3681, 261, 0.4),
	(3980, 3682, 262, 1.0),
	(3981, 3682, 263, 0.6),
	(3982, 3710, 316, 0.8),
	(3983, 3710, 318, 0.8),
	(3984, 3711, 313, 1.0),
	(3985, 3711, 314, 0.8),
	(3986, 3711, 315, 0.8),
	(3987, 3712, 320, 0.6),
	(3988, 3713, 308, 0.6),
	(3989, 3713, 309, 0.6),
	(3990, 3713, 310, 0.6),
	(3991, 3713, 312, 0.6),
	(3992, 3713, 484, 0.8),
	(3993, 3713, 485, 0.6),
	(3994, 3683, 278, 0.8),
	(3995, 3683, 277, 0.8),
	(3996, 3683, 275, 0.4),
	(3997, 3683, 276, 0.6),
	(3998, 3694, 351, 1.0),
	(3999, 3694, 352, 0.8),
	(4000, 3694, 353, 0.4),
	(4001, 3694, 354, 1.0),
	(4002, 3695, 516, 1.0),
	(4003, 3695, 517, 1.0),
	(4004, 3695, 518, 1.0),
	(4005, 3695, 519, 1.0),
	(4006, 3695, 520, 1.0),
	(4007, 3702, 300, 1.0),
	(4008, 3705, 292, 0.8),
	(4009, 3705, 293, 1.0),
	(4010, 3706, 294, 1.0),
	(4011, 3706, 295, 1.0),
	(4012, 3707, 289, 1.0),
	(4013, 3707, 290, 1.0),
	(4014, 3707, 291, 1.0),
	(4015, 3707, 481, 0.8),
	(4016, 3708, 297, 1.0),
	(4017, 3709, 482, 1.0),
	(4018, 3709, 483, 1.0),
	(4019, 3746, 316, 0.6),
	(4020, 3746, 318, 0.6),
	(4021, 3747, 313, 0.8),
	(4022, 3747, 314, 0.6),
	(4023, 3747, 315, 0.6),
	(4024, 3748, 320, 0.6),
	(4025, 3749, 308, 0.6),
	(4026, 3749, 309, 0.6),
	(4027, 3749, 310, 0.6),
	(4028, 3749, 312, 0.4),
	(4029, 3749, 484, 0.4),
	(4030, 3749, 485, 0.4),
	(4031, 3739, 301, 1.0),
	(4032, 3741, 292, 1.0),
	(4033, 3741, 293, 1.0),
	(4034, 3742, 294, 1.0),
	(4035, 3742, 295, 1.0),
	(4036, 3743, 289, 1.0),
	(4037, 3743, 290, 1.0),
	(4038, 3743, 291, 0.6),
	(4039, 3743, 481, 1.0),
	(4040, 3744, 297, 0.8),
	(4041, 3745, 482, 1.0),
	(4042, 3745, 483, 1.0),
	(4043, 3714, 249, 0.6),
	(4044, 3714, 251, 0.6),
	(4045, 3715, 252, 0.8),
	(4046, 3715, 253, 0.4),
	(4047, 3716, 254, 0.4),
	(4048, 3716, 255, 0.6),
	(4049, 3716, 256, 0.2),
	(4050, 3716, 257, 0.2),
	(4051, 3717, 258, 0.4),
	(4052, 3717, 259, 0.2),
	(4053, 3717, 260, 0.4),
	(4054, 3717, 261, 0.4),
	(4055, 3718, 262, 1.0),
	(4056, 3718, 263, 0.2),
	(4057, 3719, 278, 0.4),
	(4058, 3719, 277, 0.6),
	(4059, 3719, 275, 0.6),
	(4060, 3719, 276, 0.6),
	(4061, 3734, 547, 0.6),
	(4062, 3734, 548, 0.4),
	(4063, 3734, 549, 0.4),
	(4064, 3735, 526, 1.0),
	(4065, 3735, 527, 0.4),
	(4066, 3735, 528, 1.0),
	(4067, 3735, 529, 1.0),
	(4068, 3735, 530, 1.0),
	(4069, 3755, 278, 0.6),
	(4070, 3755, 277, 0.6),
	(4071, 3755, 275, 0.4),
	(4072, 3755, 276, 0.6),
	(4073, 3770, 547, 0.6),
	(4074, 3770, 548, 0.4),
	(4075, 3770, 549, 0.8),
	(4076, 3771, 526, 1.0),
	(4077, 3771, 527, 0.8),
	(4078, 3771, 528, 1.0),
	(4079, 3771, 529, 1.0),
	(4080, 3771, 530, 1.0),
	(4081, 3782, 316, 0.8),
	(4082, 3782, 318, 0.6),
	(4083, 3783, 313, 0.4),
	(4084, 3783, 314, 0.4),
	(4085, 3783, 315, 0.4),
	(4086, 3784, 320, 0.4),
	(4087, 3785, 308, 0.4),
	(4088, 3785, 309, 0.4),
	(4089, 3785, 310, 0.4),
	(4090, 3785, 312, 0.4),
	(4091, 3785, 484, 0.4),
	(4092, 3785, 485, 0.2),
	(4093, 3750, 249, 0.8),
	(4094, 3750, 251, 0.8),
	(4095, 3751, 252, 0.8),
	(4096, 3751, 253, 0.6),
	(4097, 3752, 254, 0.8),
	(4098, 3752, 255, 1.0),
	(4099, 3752, 256, 1.0),
	(4100, 3752, 257, 1.0),
	(4101, 3753, 258, 1.0),
	(4102, 3753, 259, 1.0),
	(4103, 3753, 260, 0.8),
	(4104, 3753, 261, 0.6),
	(4105, 3754, 262, 0.4),
	(4106, 3754, 263, 0.8),
	(4107, 3775, 301, 1.0),
	(4108, 3777, 292, 1.0),
	(4109, 3777, 293, 0.8),
	(4110, 3778, 294, 0.8),
	(4111, 3778, 295, 0.8),
	(4112, 3779, 289, 1.0),
	(4113, 3779, 290, 1.0),
	(4114, 3779, 291, 0.8),
	(4115, 3779, 481, 1.0),
	(4116, 3780, 297, 1.0),
	(4117, 3781, 482, 1.0),
	(4118, 3781, 483, 1.0),
	(4119, 3791, 594, 1.0),
	(4120, 3791, 595, 0.8),
	(4121, 3791, 596, 1.0),
	(4122, 3791, 597, 1.0),
	(4123, 3792, 603, 1.0),
	(4124, 3792, 604, 0.8),
	(4125, 3792, 605, 1.0),
	(4126, 3793, 598, 1.0),
	(4127, 3793, 599, 1.0),
	(4128, 3793, 600, 1.0),
	(4129, 3793, 601, 1.0),
	(4130, 3793, 602, 1.0),
	(4131, 3786, 554, 1.0),
	(4132, 3786, 555, 1.0),
	(4133, 3787, 556, 0.8),
	(4134, 3787, 557, 0.8),
	(4135, 3788, 558, 0.6),
	(4136, 3788, 559, 0.8),
	(4137, 3788, 560, 1.0),
	(4138, 3788, 561, 0.8),
	(4139, 3789, 562, 0.6),
	(4140, 3789, 563, 1.0),
	(4141, 3789, 564, 0.8),
	(4142, 3789, 565, 1.0),
	(4143, 3790, 566, 1.0),
	(4144, 3790, 567, 0.6),
	(4145, 3804, 582, 0.8),
	(4146, 3804, 583, 0.8),
	(4147, 3805, 584, 1.0),
	(4148, 3805, 585, 0.8),
	(4149, 3805, 586, 0.8),
	(4150, 3806, 587, 0.8),
	(4151, 3807, 588, 0.8),
	(4152, 3807, 589, 0.8),
	(4153, 3807, 590, 1.0),
	(4154, 3807, 591, 1.0),
	(4155, 3807, 592, 0.8),
	(4156, 3807, 593, 0.8),
	(4157, 3797, 666, 1.0),
	(4158, 3799, 569, 0.8),
	(4159, 3799, 570, 0.8),
	(4160, 3799, 571, 0.8),
	(4161, 3799, 572, 0.6),
	(4162, 3800, 573, 1.0),
	(4163, 3800, 574, 0.8),
	(4164, 3801, 575, 1.0),
	(4165, 3801, 576, 0.6),
	(4166, 3801, 577, 1.0),
	(4167, 3802, 578, 1.0),
	(4168, 3802, 579, 0.8),
	(4169, 3803, 580, 1.0),
	(4170, 3803, 581, 1.0),
	(4171, 3830, 404, 1.0),
	(4172, 3833, 211, 1.0),
	(4173, 3833, 212, 1.0),
	(4174, 3833, 213, 1.0),
	(4175, 3833, 215, 1.0),
	(4176, 3833, 216, 1.0),
	(4177, 3834, 217, 1.0),
	(4178, 3834, 218, 1.0),
	(4179, 3834, 409, 0.8),
	(4180, 3835, 219, 1.0),
	(4181, 3813, 200, 1.0),
	(4182, 3813, 397, 0.8),
	(4183, 3813, 417, 0.8),
	(4184, 3826, 465, 1.0),
	(4185, 3826, 466, 1.0),
	(4186, 3826, 467, 0.8),
	(4187, 3826, 468, 1.0),
	(4188, 3827, 446, 1.0),
	(4189, 3827, 447, 1.0),
	(4190, 3827, 448, 1.0),
	(4191, 3827, 449, 1.0),
	(4192, 3827, 450, 1.0),
	(4193, 3808, 172, 0.6),
	(4194, 3808, 173, 0.8),
	(4195, 3808, 174, 1.0),
	(4196, 3809, 175, 0.8),
	(4197, 3809, 176, 0.6),
	(4198, 3809, 177, 0.6),
	(4199, 3809, 396, 0.4),
	(4200, 3810, 178, 0.8),
	(4201, 3810, 180, 0.6),
	(4202, 3811, 181, 1.0),
	(4203, 3811, 183, 0.8),
	(4204, 3811, 184, 0.6),
	(4205, 3811, 182, 0.6),
	(4206, 3812, 185, 1.0),
	(4207, 3812, 186, 0.6),
	(4208, 3836, 240, 0.8),
	(4209, 3836, 241, 0.8),
	(4210, 3836, 415, 0.8),
	(4211, 3837, 237, 1.0),
	(4212, 3837, 238, 1.0),
	(4213, 3837, 416, 1.0),
	(4214, 3838, 242, 0.4),
	(4215, 3838, 243, 0.8),
	(4216, 3839, 232, 0.4),
	(4217, 3839, 233, 0.6),
	(4218, 3839, 235, 0.8),
	(4219, 3839, 410, 0.6),
	(4220, 3845, 278, 0.6),
	(4221, 3845, 277, 0.8),
	(4222, 3845, 275, 1.0),
	(4223, 3845, 276, 0.8),
	(4224, 3862, 550, 1.0),
	(4225, 3862, 551, 1.0),
	(4226, 3862, 552, 1.0),
	(4227, 3862, 553, 1.0),
	(4228, 3863, 531, 1.0),
	(4229, 3863, 532, 1.0),
	(4230, 3863, 533, 1.0),
	(4231, 3863, 534, 0.6),
	(4232, 3863, 535, 1.0),
	(4233, 3840, 249, 0.6),
	(4234, 3840, 251, 0.8),
	(4235, 3841, 252, 0.6),
	(4236, 3841, 253, 0.6),
	(4237, 3842, 254, 0.8),
	(4238, 3842, 255, 1.0),
	(4239, 3842, 256, 1.0),
	(4240, 3842, 257, 1.0),
	(4241, 3843, 258, 0.8),
	(4242, 3843, 259, 0.8),
	(4243, 3843, 260, 0.6),
	(4244, 3843, 261, 0.8),
	(4245, 3844, 262, 1.0),
	(4246, 3844, 263, 1.0),
	(4247, 3864, 300, 0.8),
	(4248, 3866, 302, 1.0),
	(4249, 3867, 292, 1.0),
	(4250, 3867, 293, 1.0),
	(4251, 3868, 294, 1.0),
	(4252, 3868, 295, 1.0),
	(4253, 3869, 289, 1.0),
	(4254, 3869, 290, 1.0),
	(4255, 3869, 291, 1.0),
	(4256, 3869, 481, 1.0),
	(4257, 3870, 297, 1.0),
	(4258, 3871, 482, 1.0),
	(4259, 3871, 483, 1.0),
	(4260, 3872, 316, 0.8),
	(4261, 3872, 318, 0.4),
	(4262, 3873, 313, 0.8),
	(4263, 3873, 314, 1.0),
	(4264, 3873, 315, 0.8),
	(4265, 3874, 320, 0.8),
	(4266, 3875, 308, 0.8),
	(4267, 3875, 309, 0.6),
	(4268, 3875, 310, 0.8),
	(4269, 3875, 312, 0.8),
	(4270, 3875, 484, 0.6),
	(4271, 3875, 485, 0.6),
	(4272, 3913, 278, 0.8),
	(4273, 3913, 277, 1.0),
	(4274, 3913, 275, 1.0),
	(4275, 3913, 276, 1.0),
	(4276, 3930, 550, 1.0),
	(4277, 3930, 551, 0.8),
	(4278, 3930, 552, 1.0),
	(4279, 3930, 553, 1.0),
	(4280, 3931, 531, 1.0),
	(4281, 3931, 532, 1.0),
	(4282, 3931, 533, 1.0),
	(4283, 3931, 534, 0.6),
	(4284, 3931, 535, 1.0),
	(4285, 3908, 249, 1.0),
	(4286, 3908, 251, 0.8),
	(4287, 3909, 252, 0.6),
	(4288, 3909, 253, 0.6),
	(4289, 3910, 254, 0.6),
	(4290, 3910, 255, 0.8),
	(4291, 3910, 256, 0.6),
	(4292, 3910, 257, 0.6),
	(4293, 3911, 258, 1.0),
	(4294, 3911, 259, 1.0),
	(4295, 3911, 260, 0.6),
	(4296, 3911, 261, 1.0),
	(4297, 3912, 262, 0.6),
	(4298, 3912, 263, 0.8),
	(4299, 3940, 316, 0.6),
	(4300, 3940, 318, 0.4),
	(4301, 3941, 313, 0.8),
	(4302, 3941, 314, 0.6),
	(4303, 3941, 315, 0.8),
	(4304, 3942, 320, 0.6),
	(4305, 3943, 308, 0.6),
	(4306, 3943, 309, 0.6),
	(4307, 3943, 310, 0.6),
	(4308, 3943, 312, 0.6),
	(4309, 3943, 484, 0.6),
	(4310, 3943, 485, 0.4),
	(4311, 3932, 300, 0.8),
	(4312, 3934, 302, 1.0),
	(4313, 3935, 292, 1.0),
	(4314, 3935, 293, 1.0),
	(4315, 3936, 294, 1.0),
	(4316, 3936, 295, 1.0),
	(4317, 3937, 289, 1.0),
	(4318, 3937, 290, 1.0),
	(4319, 3937, 291, 1.0),
	(4320, 3937, 481, 1.0),
	(4321, 3938, 297, 1.0),
	(4322, 3939, 482, 1.0),
	(4323, 3939, 483, 1.0),
	(4324, 3949, 200, 1.0),
	(4325, 3949, 397, 0.8),
	(4326, 3949, 417, 1.0),
	(4327, 3962, 465, 1.0),
	(4328, 3962, 466, 1.0),
	(4329, 3962, 467, 1.0),
	(4330, 3962, 468, 1.0),
	(4331, 3963, 446, 1.0),
	(4332, 3963, 447, 1.0),
	(4333, 3963, 448, 1.0),
	(4334, 3963, 449, 1.0),
	(4335, 3963, 450, 1.0),
	(4336, 3966, 404, 1.0),
	(4337, 3968, 408, 1.0),
	(4338, 3969, 211, 1.0),
	(4339, 3969, 212, 0.8),
	(4340, 3969, 213, 1.0),
	(4341, 3969, 215, 1.0),
	(4342, 3969, 216, 1.0),
	(4343, 3970, 217, 1.0),
	(4344, 3970, 218, 0.8),
	(4345, 3970, 409, 0.8),
	(4346, 3971, 219, 1.0),
	(4347, 3944, 172, 1.0),
	(4348, 3944, 173, 1.0),
	(4349, 3944, 174, 1.0),
	(4350, 3945, 175, 1.0),
	(4351, 3945, 176, 1.0),
	(4352, 3945, 177, 1.0),
	(4353, 3945, 396, 1.0),
	(4354, 3946, 178, 0.8),
	(4355, 3946, 180, 0.8),
	(4356, 3947, 181, 1.0),
	(4357, 3947, 183, 1.0),
	(4358, 3947, 184, 1.0),
	(4359, 3947, 182, 1.0),
	(4360, 3948, 185, 1.0),
	(4361, 3948, 186, 1.0),
	(4362, 3972, 240, 0.8),
	(4363, 3972, 241, 0.8),
	(4364, 3972, 415, 0.8),
	(4365, 3973, 237, 0.6),
	(4366, 3973, 238, 0.8),
	(4367, 3973, 416, 0.8),
	(4368, 3974, 242, 0.4),
	(4369, 3974, 243, 0.6),
	(4370, 3975, 232, 0.4),
	(4371, 3975, 233, 0.4),
	(4372, 3975, 235, 0.6),
	(4373, 3975, 410, 0.6),
	(4374, 3981, 594, 0.8),
	(4375, 3981, 595, 0.8),
	(4376, 3981, 596, 1.0),
	(4377, 3981, 597, 1.0),
	(4378, 3984, 606, 1.0),
	(4379, 3984, 607, 0.8),
	(4380, 3984, 608, 1.0),
	(4381, 3985, 609, 1.0),
	(4382, 3985, 610, 1.0),
	(4383, 3985, 611, 1.0),
	(4384, 3985, 612, 1.0),
	(4385, 3985, 613, 1.0),
	(4386, 3994, 582, 1.0),
	(4387, 3994, 583, 0.8),
	(4388, 3995, 584, 1.0),
	(4389, 3995, 585, 1.0),
	(4390, 3995, 586, 0.8),
	(4391, 3996, 587, 0.6),
	(4392, 3997, 588, 1.0),
	(4393, 3997, 589, 1.0),
	(4394, 3997, 590, 1.0),
	(4395, 3997, 591, 0.8),
	(4396, 3997, 592, 0.6),
	(4397, 3997, 593, 0.6),
	(4398, 3976, 554, 0.8),
	(4399, 3976, 555, 0.8),
	(4400, 3977, 556, 1.0),
	(4401, 3977, 557, 1.0),
	(4402, 3978, 558, 1.0),
	(4403, 3978, 559, 1.0),
	(4404, 3978, 560, 1.0),
	(4405, 3978, 561, 1.0),
	(4406, 3979, 562, 0.8),
	(4407, 3979, 563, 1.0),
	(4408, 3979, 564, 0.8),
	(4409, 3979, 565, 1.0),
	(4410, 3980, 566, 1.0),
	(4411, 3980, 567, 1.0),
	(4412, 3986, 665, 0.8),
	(4413, 3989, 569, 1.0),
	(4414, 3989, 570, 1.0),
	(4415, 3989, 571, 1.0),
	(4416, 3989, 572, 1.0),
	(4417, 3990, 573, 1.0),
	(4418, 3990, 574, 1.0),
	(4419, 3991, 575, 1.0),
	(4420, 3991, 576, 1.0),
	(4421, 3991, 577, 1.0),
	(4422, 3992, 578, 1.0),
	(4423, 3992, 579, 1.0),
	(4424, 3993, 580, 1.0),
	(4425, 3993, 581, 1.0);
/*!40000 ALTER TABLE `exam_impro_ap_question` ENABLE KEYS */;

-- Dumping structure for view entities.exam_impro_calificacion
-- Creating temporary table to overcome VIEW dependency errors
CREATE TABLE `exam_impro_calificacion` (
	`ei_aplication_id` INT(11) NOT NULL,
	`fecha` DATE NULL,
	`materia` VARCHAR(200) NULL COLLATE 'utf8mb4_general_ci',
	`tipo` VARCHAR(50) NOT NULL COLLATE 'utf8mb4_general_ci',
	`estudiante` VARCHAR(100) NOT NULL COLLATE 'utf8mb4_general_ci',
	`maestro` VARCHAR(100) NOT NULL COLLATE 'utf8mb4_general_ci',
	`exam_impro_ap_parameter_id` INT(11) NOT NULL,
	`parametro` VARCHAR(50) NOT NULL COLLATE 'utf8mb4_general_ci',
	`calificacion` DECIMAL(35,1) NULL,
	`comentario` VARCHAR(200) NULL COLLATE 'utf8mb4_general_ci'
) ENGINE=MyISAM;

-- Dumping structure for view entities.exam_impro_calificacion_det
-- Creating temporary table to overcome VIEW dependency errors
CREATE TABLE `exam_impro_calificacion_det` (
	`fecha` DATE NULL,
	`id` INT(11) NOT NULL,
	`materia` VARCHAR(200) NULL COLLATE 'utf8mb4_general_ci',
	`tipo` VARCHAR(50) NOT NULL COLLATE 'utf8mb4_general_ci',
	`estudiante` VARCHAR(100) NOT NULL COLLATE 'utf8mb4_general_ci',
	`exam_impro_ap_parameter_id` INT(11) NOT NULL,
	`maestro` VARCHAR(100) NOT NULL COLLATE 'utf8mb4_general_ci',
	`parametro` VARCHAR(50) NOT NULL COLLATE 'utf8mb4_general_ci',
	`criterio` VARCHAR(50) NOT NULL COLLATE 'utf8mb4_general_ci',
	`aspecto` VARCHAR(50) NOT NULL COLLATE 'utf8mb4_general_ci',
	`calificacion` DECIMAL(13,2) NULL
) ENGINE=MyISAM;

-- Dumping structure for table entities.exam_impro_criteria
CREATE TABLE IF NOT EXISTS `exam_impro_criteria` (
  `id` int(11) NOT NULL AUTO_INCREMENT,
  `label` varchar(50) NOT NULL,
  `exam_impro_parameter_id` int(11) NOT NULL,
  `initially_selected` tinyint(4) NOT NULL DEFAULT 1,
  `idx` tinyint(4) NOT NULL DEFAULT 1,
  `description` varchar(2000) DEFAULT NULL,
  PRIMARY KEY (`id`),
  UNIQUE KEY `exam_impro_parameter_id-label-parameter_id` (`label`,`exam_impro_parameter_id`),
  KEY `exam_impro_criteria_ibfk_1` (`exam_impro_parameter_id`),
  CONSTRAINT `exam_impro_criteria_ibfk_1` FOREIGN KEY (`exam_impro_parameter_id`) REFERENCES `exam_impro_parameter` (`id`) ON DELETE CASCADE
) ENGINE=InnoDB AUTO_INCREMENT=286 DEFAULT CHARSET=utf8mb4;

-- Dumping data for table entities.exam_impro_criteria: ~114 rows (approximately)
DELETE FROM `exam_impro_criteria`;
/*!40000 ALTER TABLE `exam_impro_criteria` DISABLE KEYS */;
INSERT INTO `exam_impro_criteria` (`id`, `label`, `exam_impro_parameter_id`, `initially_selected`, `idx`, `description`) VALUES
	(6, 'Aprendizaje Tecnico', 2, 1, 1, NULL),
	(8, 'Otros', 2, 1, 0, NULL),
	(9, 'Maestria con Alas', 2, 1, 2, NULL),
	(10, 'Presentacion', 2, 1, 3, NULL),
	(32, 'CUERPO', 5, 1, 0, NULL),
	(33, 'ESTETICA DEL MOVIMIENTO', 6, 1, 0, NULL),
	(34, 'EXPRESION CORPORAL', 7, 1, 3, NULL),
	(35, 'MOVIMIENTO CORPORAL', 8, 1, 3, NULL),
	(76, 'Claridad', 2, 1, 4, NULL),
	(82, 'CUERPO', 44, 1, 0, NULL),
	(83, 'ESPACIO', 44, 1, 1, NULL),
	(84, 'TIEMPO', 44, 1, 2, NULL),
	(85, 'ACCION ', 44, 1, 4, NULL),
	(86, 'ENERGIA', 44, 1, 3, NULL),
	(87, 'ESTETICA DEL MOVIMIENTO', 46, 1, 0, NULL),
	(88, 'VELO  ', 46, 1, 1, NULL),
	(90, 'EXPRESION CORPORAL', 47, 1, 0, NULL),
	(91, 'EXPRESION FACIAL ', 47, 1, 1, NULL),
	(92, 'IMAGEN CORPORAL', 47, 1, 2, NULL),
	(93, 'RASGOS DE PERSONALIDAD', 47, 1, 3, NULL),
	(94, 'MOVIMIENTO CORPORAL', 48, 1, 3, NULL),
	(95, 'MUSICOLOGIA ', 48, 1, 2, NULL),
	(96, 'PLANEACION  ', 48, 1, 0, NULL),
	(97, 'ESPACIO', 48, 1, 1, NULL),
	(102, 'ESPACIO', 5, 1, 1, NULL),
	(103, 'TIEMPO', 5, 1, 2, NULL),
	(104, 'ACCION', 5, 1, 3, NULL),
	(105, 'ENERGIA', 5, 1, 4, NULL),
	(106, 'VELO', 6, 1, 1, NULL),
	(108, 'EXPRESIVIDAD', 7, 1, 4, NULL),
	(109, 'IMAGEN CORPORAL', 7, 1, 5, NULL),
	(112, 'MUSICOLOGIA ', 8, 1, 1, NULL),
	(113, 'ESTRUCTURA', 8, 1, 0, NULL),
	(114, 'ESPACIO ', 8, 1, 2, NULL),
	(117, 'CUERPO', 52, 1, 0, NULL),
	(118, 'ESPACIO', 52, 1, 1, NULL),
	(119, 'TIEMPO', 52, 1, 2, NULL),
	(120, 'ACCION ', 52, 1, 3, NULL),
	(121, 'ENERGIA', 52, 1, 4, NULL),
	(123, 'ESTETICA DEL MOVIMIENTO', 53, 1, 0, NULL),
	(124, 'VELO', 53, 1, 1, NULL),
	(126, 'ACCION ', 54, 1, 5, NULL),
	(127, 'TONO', 54, 1, 3, NULL),
	(128, 'CUERPO: VEHICULO DEL PENSAMIENTO', 54, 1, 4, NULL),
	(129, 'AMBIENTE', 54, 1, 6, NULL),
	(130, 'ESTILO DE EXPRESION 1', 54, 1, 0, NULL),
	(131, 'ESTILO DE EXPRESION 2', 54, 1, 1, NULL),
	(132, 'ESTILO DE EXPRESION 3', 54, 1, 2, NULL),
	(134, 'MOVIMIENTO CORPORAL', 55, 1, 3, NULL),
	(135, 'MUSICOLOGIA ', 55, 1, 1, NULL),
	(136, 'DISE칌O', 55, 1, 0, NULL),
	(137, 'ESPACIO', 55, 1, 2, NULL),
	(159, 'SABLE', 53, 1, 9, NULL),
	(160, 'SHAMADAN', 53, 1, 11, NULL),
	(183, 'PRESENTACION VELO', 6, 1, 2, NULL),
	(184, 'ESTILO DE EXPRESION 1', 7, 1, 0, NULL),
	(185, 'ESTILO DE EXPRESION 2', 7, 1, 1, NULL),
	(186, 'ESTILO DE EXPRESION 3', 7, 1, 2, NULL),
	(187, 'PRESENTACION POP ARABE', 6, 1, 4, NULL),
	(188, 'POP ARABE', 6, 1, 3, NULL),
	(189, 'ENTRADA CLASICA', 6, 1, 5, NULL),
	(190, 'PRESENTACION ENTRADA CLASICA', 6, 1, 6, NULL),
	(191, 'ESKANDEREIA', 6, 1, 7, NULL),
	(192, 'PRESENTACION ESKANDEREIA', 6, 1, 8, NULL),
	(193, 'BALADI', 6, 1, 9, NULL),
	(194, 'PRESENTACION BALADI', 6, 1, 10, NULL),
	(195, 'SABLE', 6, 1, 11, NULL),
	(196, 'PRESENTACION SABLE', 6, 1, 12, NULL),
	(197, 'KHALEEGY ', 6, 1, 13, NULL),
	(198, 'PRESENTACION KHALEEGY', 6, 1, 14, NULL),
	(199, 'PRESENTACION VELO ', 46, 1, 2, NULL),
	(200, 'IDENTIDAD', 54, 1, 7, NULL),
	(201, 'PRESENTACION VELO', 53, 1, 2, NULL),
	(202, 'CHAROLA', 53, 1, 13, NULL),
	(203, 'ALAS', 53, 1, 3, NULL),
	(204, 'ESKANDEREIA', 53, 1, 5, NULL),
	(205, 'BALADI', 53, 1, 7, NULL),
	(206, 'TAXIM', 53, 1, 15, NULL),
	(207, 'KHALEEGY', 53, 1, 17, NULL),
	(209, 'PRESENTACION ALAS', 53, 1, 4, NULL),
	(210, 'PRESENTACION ESKANDEREIA', 53, 1, 6, NULL),
	(211, 'PRESENTACION BALADI', 53, 1, 8, NULL),
	(212, 'PRESENTACION SABLE', 53, 1, 10, NULL),
	(213, 'PRESENTACI칍N SHAMADAN', 53, 1, 12, NULL),
	(214, 'PRESENTACION CHAROLA', 53, 1, 14, NULL),
	(215, 'PRESENTACION TAXIM', 53, 1, 16, NULL),
	(216, 'PRESENTACION KHALEEGY', 53, 1, 18, NULL),
	(217, 'CUERPO', 64, 1, 0, NULL),
	(218, 'ACCION ', 64, 1, 3, NULL),
	(219, 'ESPACIO', 64, 1, 1, NULL),
	(220, 'TIEMPO', 64, 1, 2, NULL),
	(221, 'ENERGIA ', 64, 1, 4, NULL),
	(222, 'ESTETICA DEL MOVIMIENTO', 65, 1, 0, NULL),
	(223, 'TAXIM ', 65, 1, 1, NULL),
	(224, 'PRESENTACION TAXIM ', 65, 1, 2, NULL),
	(225, 'ACCION TIPO', 66, 1, 3, 'Las acciones del PERSONAJE'),
	(226, 'TONO TIPO', 66, 1, 4, 'El tono en que el PERSONAJE comunica el mensaje.'),
	(227, 'CUERPO : VEHICULO DEL PENSAMIENTO TIPO ', 66, 1, 5, 'El cuerpo le sirve al PERSONAJE para comunicar su mensaje.'),
	(228, 'IDIOSINCRASIA TIPO', 66, 1, 7, 'El car치cter distintivo del PERSONAJE como individuo.'),
	(229, 'AMBIENTE TIPO', 66, 1, 6, 'El entorno del PERSONAJE'),
	(230, 'DISPOSICION', 67, 1, 0, NULL),
	(231, 'MUSICOLOGIA', 67, 1, 1, NULL),
	(232, 'ESPACIO', 67, 1, 2, NULL),
	(233, 'MOVIMIENTO CORPORAL', 67, 1, 3, NULL),
	(235, 'TARAB ', 65, 1, 3, NULL),
	(236, 'PRESENTACION TARAB ', 65, 1, 4, NULL),
	(265, 'ESTILO DE EXPRESION 1', 66, 1, 0, 'Forma de expresi칩n del PERSONAJE'),
	(266, 'ESTILO DE EXPRESION 3', 66, 1, 2, 'Forma de expresi칩n del PERSONAJE'),
	(268, 'ESTILO DE EXPRESION 2', 66, 1, 1, 'Forma de expresi칩n del PERSONAJE'),
	(270, 'CHAROLA', 6, 1, 15, NULL),
	(271, 'PRESENTACION CHAROLA', 6, 1, 16, NULL),
	(283, '1a posicion 1 1/2', 81, 1, 0, ''),
	(284, '2a posicion 1/2', 81, 1, 1, ''),
	(285, 'Criterio_1', 87, 1, 0, '');
/*!40000 ALTER TABLE `exam_impro_criteria` ENABLE KEYS */;

-- Dumping structure for table entities.exam_impro_parameter
CREATE TABLE IF NOT EXISTS `exam_impro_parameter` (
  `id` int(11) NOT NULL AUTO_INCREMENT,
  `exam_impro_type_id` int(11) NOT NULL,
  `label` varchar(50) NOT NULL,
  `idx` int(11) NOT NULL,
  `description` varchar(2000) DEFAULT NULL,
  PRIMARY KEY (`id`),
  KEY `exam_impro_parameter_ibfk_1` (`exam_impro_type_id`),
  CONSTRAINT `exam_impro_parameter_ibfk_1` FOREIGN KEY (`exam_impro_type_id`) REFERENCES `exam_impro_type` (`id`) ON DELETE CASCADE
) ENGINE=InnoDB AUTO_INCREMENT=88 DEFAULT CHARSET=utf8mb4;

-- Dumping data for table entities.exam_impro_parameter: ~24 rows (approximately)
DELETE FROM `exam_impro_parameter`;
/*!40000 ALTER TABLE `exam_impro_parameter` DISABLE KEYS */;
INSERT INTO `exam_impro_parameter` (`id`, `exam_impro_type_id`, `label`, `idx`, `description`) VALUES
	(2, 1, 'Dificultad Tecnica y Complementos', 0, NULL),
	(5, 2, 'Habilidad T칠cnica', 0, 'La ejecutante realiza, con destreza y resistencia, los movimientos caracter칤sticos de la danza oriental. '),
	(6, 2, 'Ejecuci칩n Elegante ', 1, 'La ejecutante muestra habilidad y soltura en el baile. Es minuciosa con sus movimientos y los ordena para obtener lo que desea. No se observan problemas para realizar los pasos. '),
	(7, 2, 'Expresi칩n Esc칠nica  ', 2, 'La ejecutante expone sus emociones y afectos sirvi칠ndose de los movimientos corporales, acompa침ados con m칰sica.'),
	(8, 2, 'Composici칩n Estructurada', 3, 'La composici칩n tiene orden. Los movimientos est치n distribuidos, apropiadamente, en la pieza musical.'),
	(44, 9, 'Conocimientos T칠cnicos ', 0, 'La ejecutante conoce los movimientos b치sicos de la danza oriental y los reproduce satisfactoriamente.'),
	(46, 9, 'Ejecuci칩n Coordinada ', 1, 'La ejecutante logra unificar su cuerpo, el complemento y la m칰sica; mostr치ndose como un conjunto armonioso.'),
	(47, 9, 'Identidad Personal', 2, 'La ejecutante sabe cu치les son los rasgos que la caracterizan frente a los dem치s. '),
	(48, 9, 'Composici칩n Planificada ', 3, 'La ejecutante elabora, previamente, un modelo o proyecto de lo que ser치 su actuaci칩n. Sus acciones se ven dirigidas.'),
	(52, 3, 'Precisi칩n T칠cnica', 0, 'La ejecutante tiene la capacidad de realizar con destreza y precisi칩n  los movimientos caracter칤sticos de la danza oriental.'),
	(53, 3, 'Ejecuci칩n Consolidada', 1, 'La ejecuci칩n da muestra de una perfecta disciplina por parte de la estudiante. Decide, resuelve y concluye todas sus acciones de manera efectiva.'),
	(54, 3, 'Proyecci칩n Esc칠nica ', 2, 'La ejecutante se mantiene concentrada en lo que est치 haciendo en el escenario. Su mente y cuerpo est치n presentes en el escenario, transmitiendo al espectador lo que sabe y siente.'),
	(55, 3, 'Composici칩n Dise침ada ', 3, 'La composici칩n tiene un orden detallado, dando 칠nfasis a la est칠tica del movimiento. Las secuencias est치n preparadas, de manera creativa, para ser 칰tiles y efectivas en la ejecuci칩n.'),
	(64, 21, 'Perfecci칩n T칠cnica', 0, 'La int칠rprete se distingue por su elevada calidad t칠cnica.'),
	(65, 21, 'Ejecuci칩n Perfeccionada', 1, 'La int칠rprete exhibe el dominio de su cuerpo, de la m칰sica, el espacio y de sus emociones; manejandose con desenvoltura.'),
	(66, 21, 'Interpretaci칩n', 2, 'La interprete analiza la realidad material, la comprende y la RECONSTRUYE, mostrando su visi칩n. No solo reproduce estereotipos, emociones, afectos o cultura.'),
	(67, 21, 'Composici칩n Destacada ', 3, 'La composici칩n logra ser importante por representar y significar algo.'),
	(81, 29, 'Ejercicio 1', 0, 'Extremidades y cabeza'),
	(82, 29, 'Ejercicio 2', 1, 'Torso'),
	(83, 29, 'Ejercicio 3', 2, 'Pelvis'),
	(84, 29, 'Ejercicio 4', 3, 'Desplazamientos'),
	(85, 29, 'Ejercicio 5 ', 4, 'Secuencias'),
	(86, 29, 'Ejercicio 6', 5, 'Imrovisacion'),
	(87, 28, 'Parameter_1', 0, NULL);
/*!40000 ALTER TABLE `exam_impro_parameter` ENABLE KEYS */;

-- Dumping structure for table entities.exam_impro_question
CREATE TABLE IF NOT EXISTS `exam_impro_question` (
  `id` int(11) NOT NULL AUTO_INCREMENT,
  `exam_impro_criteria_id` int(11) NOT NULL,
  `label` varchar(50) NOT NULL,
  `description` varchar(2000) NOT NULL,
  `points` int(11) NOT NULL,
  `idx` int(11) NOT NULL,
  PRIMARY KEY (`id`),
  KEY `exam_impro_question_ibfk_1` (`exam_impro_criteria_id`),
  CONSTRAINT `exam_impro_question_ibfk_1` FOREIGN KEY (`exam_impro_criteria_id`) REFERENCES `exam_impro_criteria` (`id`) ON DELETE CASCADE
) ENGINE=InnoDB AUTO_INCREMENT=693 DEFAULT CHARSET=utf8mb4;

-- Dumping data for table entities.exam_impro_question: ~358 rows (approximately)
DELETE FROM `exam_impro_question`;
/*!40000 ALTER TABLE `exam_impro_question` DISABLE KEYS */;
INSERT INTO `exam_impro_question` (`id`, `exam_impro_criteria_id`, `label`, `description`, `points`, `idx`) VALUES
	(31, 6, 'MIRADA', 'proyecci칩n, contacto visual, definici칩n', 1, 0),
	(32, 6, 'SONRISA EXPRESIVA', 'Para expresar diversos grados de placer, regocijo, alegria, felicidad, etc. (Ligeras, normales, amplias)', 1, 1),
	(35, 8, 'DISCIPLINA', 'Alta capacidad de atenci칩n alas entradas y salidas del escenario, as칤 como a las normas y principios de la danza.', 1, 0),
	(36, 8, 'CAPACIDAD DE CONCENTRACION', 'Buena capacidad de concentraci칩n y razonamiento', 1, 1),
	(37, 8, 'MEMORIA', 'Buena capacidad e recordar pasos, ideas, ', 1, 2),
	(38, 8, 'PERSEVERANCIA', 'Capacidad de afrontar contratiempos', 1, 3),
	(100, 76, 'Escriba otra', 'descripcion clara', 1, 0),
	(106, 82, 'L칤nea corporal', 'Colocaci칩n y  alineaci칩n 칩ptima, posiciones precisas, movimientos elementales perfeccionados. Los movimientos dan 칠nfasis a partes espec칤ficas del cuerpo: Cabeza, cuello, extremidades superiores, inferiores y tronco.', 1, 0),
	(108, 82, 'Flexibilidad', 'Capacidad que permite realizar movimientos con la m치xima amplitud posible en una articulaci칩n determinada', 1, 1),
	(110, 83, 'Orientaci칩n', '칍ptima orientaci칩n de su cuerpo y movimientos hacia objetos o puntos  en el espacio. Abierto, cerrado, de perfil y cuartos.', 1, 0),
	(111, 83, 'Ubicaci칩n', 'Manejo 칩ptimo de las lineas imaginarias que dividen el espacio de manera horizontal y vertical para la creaci칩n del baile', 1, 1),
	(112, 84, 'Duraci칩n de movimientos ', 'Los movimientos tienen el tiempo necesario para ser visibles.', 1, 0),
	(113, 85, 'Tama침o', 'Movimientos de impacto visibles, ondulaciones con elongaci칩n y amplitud ', 1, 0),
	(114, 85, 'Agilidad', 'Capacidad de realizar los movimientos mostrando el m칤nimo esfuerzo y ahorrando energ칤a, aun en situaciones que exigen: fuerza, velocidad, flexibilidad y resistencia.', 1, 1),
	(115, 85, 'Control y ajuste', 'Reacci칩n adecuada  a un est칤mulo constante: gravedad, shimmy, p칰blico y afecciones.', 1, 2),
	(116, 85, 'Fluidez', 'Capacidad de reproducir con naturalidad y destreza las posturas y pasos en el baile.', 1, 3),
	(118, 86, 'Fuerza', 'Intensidad con que realiza un movimiento; un aumento  o \ndisminuci칩n de la energ칤a y sus respectivas gradaciones. Ejemplo: liviano,  pesado, fuerte, d칠bil, etc.', 1, 0),
	(119, 87, 'Variedad', 'Diversidad de figuras, secuencias, niveles, direcciones y trayectorias espaciales', 1, 0),
	(120, 87, 'Eficacia', 'Los pasos, el ritmo y  la energ칤a necesaria se ven claros, dando el efecto de extensi칩n y suavidad.', 1, 1),
	(121, 87, 'Ejecuci칩n en etapa de coordinaci칩n ', 'Tiene el costo energ칠tico adecuado, el gasto de fuerza necesario, los movimientos son fluidos, amplios y con ritmo l칩gico.', 1, 2),
	(122, 88, 'Figuras b치sicas con el velo', 'M칤nimo 2 de las siguientes figuras: Burca, abanico, sobre , cascada corta y mariposa', 1, 0),
	(123, 88, 'Pasos caracter칤sticos', '-Movimientos ondulatorios y vibraciones.\n-Giros y desplazamientos.', 1, 1),
	(124, 88, 'Desaf칤os', '-El complemento debe permanecer ordenado y arreglado\n-Buena coordinaci칩n. Los movimientos deben ser arm칩nicos entre el cuerpo y el velo.\n--Crear figuras en el espacio (m칤n 2)', 1, 2),
	(125, 88, 'Aspecto del velo', '-Limpio, planchado, tela de chiff칩n o seda\n-Medidas de 2.50 x 1.20 m.', 1, 3),
	(136, 90, 'Distensi칩n', 'Eliminar tensi칩n y fatiga mediante el dominio corporal', 1, 0),
	(138, 91, 'Mirada', 'Proyecci칩n, contacto visual, definici칩n', 1, 0),
	(139, 91, 'Sonrisa expresiva', 'Expresa diversos grados de placer, regocijo, alegr칤a, felicidad, etc', 1, 1),
	(140, 92, 'Percepci칩n del cuerpo', 'Se percibe c칩moda con su apariencia', 1, 0),
	(141, 92, 'Percepci칩n motr칤z', 'Se percibe c칩moda con los movimientos', 1, 1),
	(142, 93, 'Disciplina ', 'Alta capacidad de atenci칩n tanto en  entradas y salidas del escenario,  como vigilancia en las normas y principios de la danza.', 1, 0),
	(143, 93, 'Capacidad de concentraci칩n', 'Buena capacidad de concentraci칩n y razonamiento', 1, 1),
	(144, 93, 'Memoria', 'Buena capacidad para recordar pasos, frases e ideas, ', 1, 2),
	(145, 93, 'Perseverancia', 'Capacidad de afrontar contratiempos', 1, 3),
	(146, 94, 'Posicione y colocaci칩n', 'Alineaci칩n y colocaci칩n adecuadas, posiciones precisas', 1, 0),
	(148, 94, 'Equilibrio ', 'Firmeza y solidez del cuerpo sobre su base de apoyo', 1, 1),
	(149, 94, 'Movimientos ondulatorios    ', 'Elongaci칩n, amplitud, visibilidad y direcci칩n.', 1, 2),
	(150, 94, 'Movimientos de Impacto .', 'Golpes dirigidos, fuertes, repentinos, con remates.', 1, 3),
	(151, 94, 'Movimientos vibratorios', '칍ptima velocidad, equilibrio y aceleraci칩n.', 1, 4),
	(154, 95, 'Instrumentaci칩n ', 'Organiza los movimientos seg칰n los instrumentos que escucha.', 1, 0),
	(155, 95, 'Sentido r칤tmico', 'Percibe la sucesi칩n armoniosa y acompasada de la m칰sica.', 1, 1),
	(156, 96, 'Tema', 'Motivo general del baile', 1, 0),
	(157, 96, 'Modo a considerar', 'Posici칩n, punto de vista desde el cual se puede considerar algo.', 1, 1),
	(159, 97, 'Espacio esc칠nico ', 'Uso del espacio  f칤sico ', 1, 0),
	(172, 32, 'Dise침o corporal', 'La forma o l칤neas que adquiere el cuerpo en cualquier instante de una danza, pueden ser rectas o curvas (sim칠trica, asim칠trica, estirada, encogida, doblada, redonda, angular o trenzada). Ejem: si un brazo est치 totalmente estirado y genera una recta, o si est치 redondeado y genera una curva.', 1, 0),
	(173, 32, 'Equilibrio', 'Equilibrio del cuerpo completo con poca base de sustentaci칩n que se mantiene inm칩vil y/o sin caerse.', 1, 1),
	(174, 32, 'Disociaci칩n ', 'Movimientos diferenciados y separaciones evidentes.', 1, 2),
	(175, 102, 'Uso del espacio', 'El movimiento en conexi칩n con el medio, con las l칤neas y formas espaciales; los recorridos.', 1, 0),
	(176, 102, 'Trayectoria', 'Los movimientos trazan l칤neas en el espacio que marcan su trayectoria. Pueden ser directas, curvas, rectas, angulares, en zigzag, inconexas o al azar.', 1, 1),
	(177, 102, 'Proyecci칩n espacial ', 'Cuando la bailarina logra transmitir la energ칤a de los movimientos o frases  m치s all치 de su kinesfera, dando la ilusi칩n de que la energ칤a contin칰a.', 1, 2),
	(178, 103, 'Duraci칩n de frases', 'Las frases y secuencias tienen el tiempo necesario para ser visibles, oscilaciones r치pidas.', 1, 0),
	(180, 103, 'Frecuencia', 'El n칰mero de veces que realiza los movimientos es el adecuado para mostrar habilidad y destreza.', 1, 1),
	(181, 104, 'Coordinaci칩n', 'Habilidad y destreza para realizar los movimientos con cada segmento corporal de  manera precisa, ordenada y r치pida o lenta', 1, 0),
	(182, 104, 'Transiciones', 'Capacidad de realizar con naturalidad  y destreza las tranciciones entre una secuencia y otra.', 1, 3),
	(183, 104, 'Calidad', 'Conjunto de movimientos que contribuyen Conjunto de movimientos que contribuyen a hacer agradable y valioso el baile.', 1, 1),
	(184, 104, 'Simetr칤a', 'Polaridad, esquema o patr칩n. Ejem: izquierda-derecha, saltar-agacharse, ABC', 1, 2),
	(185, 105, 'Resistencia', 'El esfuerzo debe ser imperceptible al mantener un movimiento o paso durante el mayor tiempo posible, ', 1, 0),
	(186, 105, 'Cualidad', 'Manifestaci칩n adecuada de energ칤a en el baile, por ejemplo, de aspecto fluido, suspendido, suave,suelto, apretado, agudo, balanceado o neutral.', 1, 1),
	(200, 33, 'Etapa: Coordinaci칩n fina', 'La coordinaci칩n de los movimientos es exitosa a칰n en condiciones dif칤ciles o no habituales. Los movimientos son fluidos y amplios de forma permanente', 1, 0),
	(202, 106, 'Figuras b치sicas con el velo', 'M칤nimo 3: Burca, abanico, sobre , cascada corta y mariposa', 1, 0),
	(203, 106, 'Pasos caracter칤sticos', 'Movimientos ondulatorios y vibraciones.\nGiros y desplazamientos.', 1, 1),
	(204, 106, 'Desaf칤os', '-El complemento debe permanecer ordenado y arreglado\n-Crear figuras en el espacio (m칤n 3)\n-Los movimientos deben ser arm칩nicos entre el cuerpo y el velo, mostrando una esmerada coordinaci칩n  ', 1, 2),
	(211, 34, 'Comunicaci칩n ', 'Movimientos justificados  que favorezcan el intercambio de informaci칩n o que compartan un poco de s칤 mismas.', 1, 0),
	(212, 34, 'Confianza', 'Seguridad, confianza f칤sica y carisma al bailar.', 1, 1),
	(213, 34, ' Comprensi칩n musical', 'Entendimiento de m칰sica, letra y ritmos presentes.   ', 1, 2),
	(215, 34, 'Aspecto', 'Postura del cuerpo que adopta la ejecutante, cuando expresa un estado de 치nimo.', 1, 3),
	(216, 34, 'Sentido ', '\nPasos que incluyan o expresen un sentimiento', 1, 4),
	(217, 108, 'Manipulaci칩n ', 'Movimientos expresivos con las manos que creen objetos imaginarios, realicen acciones f칤sicas, manifiesten intensi칩n o sentimiento.', 1, 0),
	(218, 108, 'Gesto Facial', '-Mirada, cejas, boca. \n-Mostrar emociones como alegr칤a, amor, tristeza, decepci칩n, desprecio, ira, miedo, inter칠s, maldad.', 1, 1),
	(219, 109, 'Percepci칩n p칰blica', 'Se percibe c칩moda ante la mirada de los dem치s.', 1, 0),
	(232, 35, 'Variedad de movimientos', 'Diversidad de movimeintos, pasos y secuencias', 1, 0),
	(233, 35, 'Movimientos de transici칩n', 'Mostrar naturalidad en la transici칩n entre un movimiento y otro.', 1, 1),
	(235, 35, 'Fluidez', 'Naturalidad al  ejecutar secuencias y pasos.', 1, 2),
	(237, 112, 'Conexi칩n musical', 'La bailarina establece una relaci칩n con: la melod칤a, instrumentos y la voz en la m칰sica; en favor del baile', 1, 0),
	(238, 112, 'Ritmo y M칠trica', 'Distingue y utiliza el pulso y el acento dando 칠nfasis al ritmo.', 1, 1),
	(240, 113, 'Continuidad', 'Persistencia en el objetivo, significado o trayectoria del baile', 1, 0),
	(241, 113, 'Orden', 'Colocaci칩n y disposici칩n de los movimientos y frases para el desarrollo del baile.', 1, 1),
	(242, 114, 'Espacio parcial', 'Uso del espacio sin desplazamiento', 1, 0),
	(243, 114, 'Espacio restringido', 'Uso del espacio con desplazamiento lineal, curvo o circular.', 1, 1),
	(249, 117, 'Sistemas del cuerpo', 'La manera en que la bailarina utiliza la respiraci칩n, el sistema muscular, el esqueleto, los 칩rganos del cuerpo, el balance y reflejos para expresar en el baile.', 1, 0),
	(251, 117, 'Forma de las frases', 'El cuerpo muestra formas definidas durante las acciones y sus transformaciones ', 1, 1),
	(252, 118, 'Diversidad espacial', '-Manejo adecuado de los niveles: medio, medio-alto, medio-bajo, bajo y piso.\n-Diversidad de movimientos en el espacio', 1, 0),
	(253, 118, 'Progresi칩n espacial ', 'Son las rectas y curvas imaginarias que la bailarina traza al desplazarse por el espacio total.', 1, 1),
	(254, 119, 'Duraci칩n', 'Las frases, secuencias y secciones en la coreograf칤a tienen el tiempo necesario para ser comprendidas por el espectador', 1, 0),
	(255, 119, 'Velocidad', 'Los movimientos, frases y secuencias cuentan con las variaciones de velocidad adecuadas.', 1, 1),
	(256, 119, 'Intensidad', 'Correctos matices de las frases, secuencias y secciones en la coreograf칤a', 1, 2),
	(257, 119, 'Ritmo ', 'El significado de las secuencias se presenta de forma organizada: inicio, desarrollo y final', 1, 3),
	(258, 120, 'Mov. estacionarios precisos', 'Precisi칩n en los movimientos que se ejecutan en un punto espec칤fico del espacio sin viajar mucho.', 1, 0),
	(259, 120, 'Mov. desplazados precisos', 'Precisi칩n en los movimientos que se trasladan en el espacio tales como correr, saltar cubriendo mucho espacio, caminar o gatear', 1, 1),
	(260, 120, 'Fluidez', 'Todos los movimientos, pasos y secuencias tienen una motivo dentro de la coreograf칤a y corresponden al tipo de baile.', 1, 2),
	(261, 120, 'Coordinaci칩n corporal', 'Coordinaci칩n de los movimientos al realizar los cambios entre m칰sica y pasos.', 1, 3),
	(262, 121, 'Peso', 'La energ칤a que hace liviano un movimiento, que lo hace rebotar, que env칤a el peso hacia arriba o hacia abajo, que se estira horizontalmente.', 1, 0),
	(263, 121, 'Potencia', 'Dominio de la cantidad  de energ칤a con la que la bailarina ejecuta las frases y secuencias en la coreograf칤a.', 1, 1),
	(275, 123, 'Variedad', 'Diversidad de figuras, secuencias, niveles, direcciones y trayectorias espaciales', 1, 2),
	(276, 123, 'Eficacia', 'La ejecuci칩n de las acciones, en la coreograf칤a, tiene la capacidad de lograr el efecto que se desea o se espera.', 1, 3),
	(277, 123, 'Sincronizaci칩n est칠tica', 'La ejecuci칩n tiene armon칤a, gracia y belleza.', 1, 1),
	(278, 123, 'Ejecuci칩n en etapa de consolidada', 'La automatizaci칩n de los movimientos permite a la ejecutante centrar su atenci칩n en los puntos cr칤ticos del desarrollo motor.', 1, 0),
	(279, 124, 'Figuras b치sicas con el velo', 'M칤nimo 4 figuras: Burca, abanico, sobre , cascada corta y mariposa', 1, 0),
	(280, 124, 'Pasos caracter칤sticos', '-Movimientos ondulatorios y vibraciones.\n-Giros y desplazamientos.', 1, 1),
	(281, 124, 'Desaf칤os', '-El complemento debe permanecer ordenado y arreglado.\n-Buena coordinaci칩n. Los movimientos deben ser arm칩nicos entre el cuerpo y el velo. \n-Crear figuras en el espacio (m칤nimo 4)', 1, 2),
	(289, 126, 'Inicio', 'Presentaci칩n solida y clara de la ejecutante con respecto al tema o tipo de baile que realizar치.', 1, 0),
	(290, 126, 'Desarrollo', 'Acciones derivadas de la situaci칩n inicial planteada por la ejecutante', 1, 1),
	(291, 126, 'Desenlace', 'Cierre: Debe existir correlaci칩n entre las acciones precedentes y el final.', 1, 2),
	(292, 127, 'Actitud', 'Perspectiva adoptada por la ejecutante, con respecto a un pensamiento, lugar o desarrollo de la obra, a trav칠s de emociones. ', 1, 0),
	(293, 127, 'Imaginaci칩n y claridad', 'Imaginaci칩n para dar vida a los gestos simb칩licos, ejecut치ndolos con claridad;  sin revelar las pasiones desnudas.', 1, 1),
	(294, 128, 'Movimiento sensible ', 'Estado an칤mico: El movimiento y la energ칤a se unen para proyectar la EMOCION que se pretende.', 1, 0),
	(295, 128, 'Movimiento con prop칩sito', 'Intensi칩n: El movimiento y el gesto se unen para trasmitir, con todo el cuerpo, el PENSAMIENTO', 1, 1),
	(297, 129, 'Espacio F칤sico abierto', 'La bailarina se muestra con libertad de acci칩n en el espacio. No da indicios de que algo limite o estorbe sus acciones en su ejecuci칩n.', 1, 0),
	(300, 130, 'Tipo Mon칩logo', 'La ejecutante se expresa, mientras tanto el p칰blico observa.', 1, 0),
	(301, 131, 'Tipo Soliloquio', 'Reflexi칩n 란n voz alta por parte del bailar칤n que permite al p칰blico asomarse a su interior y conocer sus verdaderos sentimientos, pensamientos e intensiones. ', 1, 0),
	(302, 132, 'Tipo Coloquio', 'Di치logo entre 2 o m치s personas. ', 1, 0),
	(308, 134, 'Calidad de movimientos', 'Conjunto de movimientos que hacen agradable y valioso el baile', 1, 0),
	(309, 134, 'Precisi칩n ', 'Exactitud en los movimientos, transiciones y secuencias.', 1, 1),
	(310, 134, 'Agilidad ', 'Movimientos en varias direcciones con velocidad, pausas, control y ligereza.', 1, 2),
	(312, 134, 'Conciencia corporal ', 'Conciencia de las posibilidades y limitaciones de su cuerpo.\nConciencia de posturas y movimientos con respecto al campo visual del p칰blico:frontal, contrario, espaldas, diagonal.', 1, 3),
	(313, 135, 'Conocimiento musical', 'Utiliza y comprende la letra, instrumentos y melod칤a de la m칰sica\nSabe manejar su cuerpo y lo pone a disposici칩n de los instrumentos, la voz y la melod칤a para consolidar su ejecuci칩n.', 1, 0),
	(314, 135, 'Relaci칩n en el tiempo', 'Realizar movimientos al un칤sono, de momento o cont칤nuos; predecibles o impredecible; r치pidos o lentos', 1, 1),
	(315, 135, 'Marcaje', 'Utiliza el ritmo para marcar  movimientos opuestos o diferentes', 1, 2),
	(316, 136, 'Orden', '-Precisi칩n en el orden de los acontecimientos: cronol칩gicamente (lineal), la historia comienza y acaba del mismo modo (circular), o en medio del asunto (in media res)\n-Transformaci칩n del baile de menos a m치s o viceversa ', 1, 0),
	(318, 136, 'Frecuencia', 'Regularidad con que suceden o se repiten los movimientos.', 1, 1),
	(320, 137, 'Espacio compartido', 'Di치logo corporal e interacci칩n con otros espacios o personas. Mi espacio, tu espacio, nuestro espacio.', 1, 0),
	(347, 159, 'Formas con el sable', 'M칤nimo 3 de las sig formas: Equilibrios sobre la cabeza, el vientre, hombro, pierna y  planta del pie.', 1, 0),
	(348, 159, 'Pasos caracter칤sticos', '-Predominan las ejecuciones en el nivel medio y piso.\n-Movimientos de impacto, ondulaciones y vibraciones.\n-Figuras (m칤n 1): escorpi칩n y escuadra\n-Opcional: Ca칤da turca', 1, 1),
	(349, 159, 'Desaf칤os', '-M치ximo equilibrio, sentido del ritmo y melod칤a. Mucha precisi칩n y coordinaci칩n psicomotora. \n-Entre el cuerpo y el complemento debe haber una relaci칩n de fuerza, seguridad y confianza.', 1, 2),
	(350, 159, 'Aspecto del sable ', '-El sable debe estar completo de punta a mango, firmemente soldado, sin filo, especiales para danza oriental, color dorado o plateado.\n-Son de aluminio, curvados, con un peso de 600 a 800 gr. y 80 cm a 1 m de largo.\n-En caso de ejecuciones con dos sables: deber치n ser iguales en peso y forma.', 1, 3),
	(351, 160, 'Formas con el shamadan', '-Debe permanecer sobre la cabeza, firme y equilibrado.', 1, 0),
	(352, 160, 'Pasos caracter칤sticos', '-Ejecuciones en tres nivel: medio, bajo y piso.\n-Predominan los movimientos ondulatorios, de impacto y vibratorios.', 1, 1),
	(353, 160, 'Desaf칤os', '-Excelente equilibrio con el complemento.\n-Gran percepci칩n de su eje de gravedad y fuerza en el cuello.\n-Seguridad y confianza al ejecutar los movimientos y transiciones.\n-Sentido del ritmo y melod칤a.', 1, 2),
	(354, 160, 'Aspecto del shamadan  ', '-Debe tener m칤n. 5 velas de cera o led y deben permanecer encendidas durante toda la ejecuci칩n. Adornos en dorado o plateado, puede tener cristales.\n-Equilibrado y ajustado correctamente a la cabeza, \n-Arriba de las cejas, evitando taparlas o fruncir el ce침o.', 1, 3),
	(396, 102, 'Direcci칩n', 'Ondulaciones y golpes dirigidos. Desplazamientos con una direcci칩n espec칤fica: hacia el frente, hacia atr치s, hacia el lado, de manera diagonal.', 1, 3),
	(397, 33, 'Eficacia', 'La ejecuci칩n de las acciones, en la coreograf칤a, tiene la capacidad de lograr el efecto que se desea o se espera.', 1, 1),
	(399, 183, ' Aseo personal', 'Manos, rodillas y pies limpios.', 1, 0),
	(400, 183, 'Vestuario', 'TRAJE: En dos piezas, falda o pantal칩n. Escote al gusto.\nCALZADO: descalza.\nCUERPO: Los brillos sobre la piel son indispensables.\n', 1, 1),
	(401, 183, 'Maquillaje', 'OJOS: Smoke eyes en combinaci칩n negro con dorado, plateado o bronce.\nLABIOS: color rojo.\nPESTA칌AS: postizas colocadas de manera que se vean naturales.\n', 1, 2),
	(402, 183, 'Peinado', 'CABELLO suelto o recogido en chongo alto.\n-Es una falta que el cabello no permita ver los gestos faciales.', 1, 3),
	(403, 183, 'Accesorios', 'JOYER칈A: elaborada con pedrer칤a en plata, tornasol o dorada.', 1, 4),
	(404, 184, 'Tipo: Mon칩logo', 'La ejecutante se expresa, mientras tanto el p칰blico observa.', 1, 0),
	(407, 185, 'Tipo: Soliloquio', 'Reflexi칩n 란n voz alta por parte del bailar칤n que permite al p칰blico asomarse a su interior y conocer sus verdaderos sentimientos, pensamientos e intensiones.', 1, 0),
	(408, 186, 'Tipo: Coloquio', 'Di치logo entre 2 o m치s personas ', 1, 0),
	(409, 108, 'Intensidad ', 'Nivel de energ칤a con que se manifiesta la expresi칩n durante la actuaci칩n.', 1, 2),
	(410, 35, 'Balance', 'Equilibrio entre baile y acrobacias para conseguir movimientos eficaces.', 1, 3),
	(411, 188, 'Pasos caracter칤sticos', '-El baile presenta movimientos est치ndar de impacto, ondulaciones y vibraciones.\n-Predomina el nivel medio. \n-La ejecuci칩n es con desplazamientos ', 1, 0),
	(412, 188, 'Desaf칤os', '-Memoria y fluidez para dar variedad a los movimientos y combinaciones de pasos.\n-Confianza y seguridad en la ejecuci칩n.\n-Manejo de p칰blico.', 1, 1),
	(413, 188, 'Aspecto ', 'Divertida, afable e ingeniosa.', 1, 2),
	(415, 113, 'Distribuci칩n', 'Dividir el baile en minutos o secciones designando los pasos que a cada una correspondan.', 1, 2),
	(416, 112, 'Interacci칩n musical', 'Responde a los est칤mulos m칰sicales', 1, 2),
	(417, 33, 'Variedad', 'Diversidad de figuras, secuencias, niveles, direcciones y trayectorias espaciales', 1, 2),
	(418, 106, 'Aspecto del velo', '-Limpio, planchado, tela de chiff칩n o seda\n-Medidas de 2.50 x 1.20 m.', 1, 3),
	(419, 187, 'Aseo personal', 'Manos, rodillas y pies limpios.', 1, 0),
	(420, 187, 'Vestuario', 'TRAJE: Opcional una o dos piezas.\nCALZADO: descalza.\nCUERPO: Los brillos sobre la piel son indispensables.', 1, 1),
	(421, 187, 'Maquillaje', 'OJOS: Smoke eyes en combinaci칩n negro con dorado, plateado o bronce. \nLABIOS:color rojo.\nPESTA칌AS: postizas colocadas de manera que se vean naturales.', 1, 2),
	(422, 187, 'Peinado', 'CABELLO suelto o recogido.\n-Es una falta que el cabello no permita ver los gestos faciales.', 1, 3),
	(423, 187, 'Accesorios', 'JOYER칈A: elaborada con pedrer칤a en plata, tornasol o dorada', 1, 4),
	(424, 189, 'Formas del velo', '-Es opcional al inicio y/o final de la pieza musical. La actividad del velo deben contribuir a identificar la personalidad y el estilo de la bailarina\n-El velo debe tener movimientos fluidos y enlazados con la m칰sica. ', 1, 0),
	(425, 189, 'Pasos caracter칤sticos', '-El chass칠 debe efectuarse cuando est칠 presente el ritmo Malfuf렢n-Los desplazamientos en el espacio esc칠nico son abundantes.\n-Los movimientos de impacto, ondulatorios, vibratorios y giros deben acentuar los ritmos presentes y ser ejecutados de manera oportuna.', 1, 1),
	(426, 190, 'Aseo personal', 'Manos, rodillas y pies limpios.', 1, 0),
	(427, 190, 'Vestuario', 'TRAJE: Opcional una o dos piezas, son permitidos los escotes.\nCALZADO: descalza.\nCUERPO: Los brillos sobre la piel son indispensables.', 1, 1),
	(428, 190, 'Maquillaje', 'OJOS: Smoke eyes en combinaci칩n negro con dorado, plateado o bronce. \nLABIOS:color rojo.\nPESTA칌AS: postizas colocadas de manera que se vean naturales.', 1, 2),
	(429, 190, 'Peinado', 'CABELLO suelto o recogido en cola de caballo.\n-Es una falta que el cabello no permita ver los gestos faciales.', 1, 3),
	(430, 190, 'Accesorios', 'JOYER칈A: elaborada con pedrer칤a que refracten la luz.', 1, 4),
	(431, 192, 'Aseo personal', 'Manos, rodillas y pies limpios.', 1, 0),
	(432, 192, 'Vestuario', 'TRAJE: Vestido con olanes en la falda, mangas, en el escote o en las tres. Debe estar ce침ido al cuerpo.\nCALZADO: Zapatos de baile latino o folclor (m칤n  5 cm, m치x 8 cm del centro del tac칩n a la base), color beige adornados con pedrer칤a plata o tornasol.\n-Cuerpo: Los brillos sobre la piel son indispensables.', 1, 1),
	(433, 192, 'Maquillaje', 'OJOS: Smoke eyes en combinaci칩n negro con dorado, plateado o bronce. \nLABIOS: color rojo.\nPESTA칌AS: postizas colocadas de manera que se vean naturales.', 1, 2),
	(434, 192, 'Peinado', 'PEINADO: Con dos trenzas largas y con una diadema de flores con colores vivos o vistosos.\n-Es una falta que el cabello no permita ver los gestos faciales.', 1, 3),
	(435, 192, 'Accesorios', 'JOYER칈A: collares brazaletes y aretes llamativos de color dorado, plateado o con acordes al tono del vestido o flores.', 1, 4),
	(436, 194, 'Aseo personal', 'Manos, rodillas y pies limpios.', 1, 0),
	(437, 194, 'Vestuario', 'TRAJE: Opcional una o dos piezas, son permitidos los escotes.\nCALZADO: descalza \nCUERPO: Los brillos sobre la piel son indispensables.\n', 1, 1),
	(438, 194, 'Maquillaje', 'OJOS: Smoke eyes en combinaci칩n negro con dorado, plateado o bronce. \nLABIOS: color rojo.\nPESTA칌AS: postizas colocadas de manera que se vean naturales.', 1, 2),
	(439, 194, 'Peinado', 'CABELLO suelto o recogido en cola de caballo.\n-Es una falta que el cabello no permita ver los gestos faciales.', 1, 3),
	(440, 194, 'Accesorios', 'JOYER칈A: elaborada con pedrer칤a que refracten la luz', 1, 4),
	(441, 196, 'Aseo personal', 'Manos, rodillas y pies limpios.', 1, 0),
	(442, 196, 'Vestuario', 'TRAJE: De dos piezas, con tela lycra,  pantal칩n y escote.\nCALZADO: descalza \nCUERPO: Los brillos sobre la piel son indispensables.', 1, 1),
	(443, 196, 'Maquillaje', 'OJOS: Smoke eyes en combinaci칩n negro con dorado, plateado o bronce. \nLABIOS: color rojo.\nPESTA칌AS: postizas colocadas de manera que se vean naturales.', 1, 2),
	(444, 196, 'Peinado', 'CABELLO trenzado a la altura de la coronilla, o bien con el cabello suelto con una banda a tono. \n-Es una falta que el cabello no permita ver los gestos faciales.', 1, 3),
	(445, 196, 'Accesorios', 'JOYER칈A: elaborada con pedrer칤a que refracten la luz.', 1, 4),
	(446, 198, 'Aseo personal', 'Manos, rodillas y pies limpios.', 1, 0),
	(447, 198, 'Vestuario', '-TRAJE:\n*TRADICIONAL EXTERIOR: es una t칰nica ancha y rectangular. Es com칰n que la tela sea transparente de cualquier color, para crear un efecto trasl칰cido. A veces est치 bordado en el pecho, cuello y mu침ecas con ornamentos que refractan la luz. O tambien decoraciones con lentejuel칩n y canutillo.\n*EL VESTIDO INTERIOR puede ser de una o dos piezas. Puede ser falda o pantal칩n combinados con el color de la t칰nica exterior.\n-Calzado: descalza.\n', 1, 1),
	(448, 198, 'Maquillaje', 'OJOS: Smoke eyes en combinaci칩n negro con dorado, plateado. \nLABIOS: color rojo.\nPESTA칌AS: postizas colocadas de manera que se vean naturales.', 1, 2),
	(449, 198, 'Peinado', 'CABELLO suelto.\n-Es una falta que el cabello no permita ver los gestos faciales.', 1, 3),
	(450, 198, 'Accesorios', 'JOYER칈A:Collares brazaletes y aretes llamativos de color dorado, plateado o con acordes al tono del thobe.\n', 1, 4),
	(451, 189, 'Desaf칤os', '-Buena coordinaci칩n psicomotora\n-R치pida identificaci칩n de los ritmos, memoria para los pasos caracter칤sticos e ingenio para combinarlos. \n-Manejo de p칰blico', 1, 2),
	(452, 189, 'Aspecto del velo', '-En caso de usar velo deber치 estar limpio, planchado y de tela chiff칩n o seda.', 1, 3),
	(454, 191, 'Formas con la melaya', 'M칤nimo 3 de las sig. formas:\n-Entrada envuelta en vestido con la melaya. \n-Cruzada en el torso. \n-Rehilete con un solo brazo o ambos brazos.\n-Nudo a la cadera ', 1, 0),
	(455, 191, 'Pasos caracter칤sticos', '-Fluidez al caminatas con tacones.\n-Movimientos y desplazamientos muy expresivos.', 1, 1),
	(456, 191, 'Desaf칤os', '-Confianza y seguridad en los movimientos y transiciones\n-Buena capacidad interpretativa y conocimiento s칩lido del origen de este folclor\n-Buena coordinaci칩n de movimientos, fluidez y firmeza en la extremidades superiores. ', 1, 2),
	(457, 191, 'Aspecto de la melaya', '-Limpia, cosida y sin arrugas visibles.\n-Tela negra rectangular, con una gu칤a horizontal dorada en el medio, estrech o semi-estrech, opaca.\n-El contorno decorado con lentejuel칩n 칩 lentejuela.\n-Medidas:  2.50 m de largo por la medida de la persona de los hombros al tobillo.', 1, 3),
	(458, 193, 'Pasos caracter칤sticos', 'Ejecutar con claridad las fases: \n1-TAXIM=interpretaci칩n tipo soliloquio, movimientos en sitio con ondulaciones lentos y profundas. Giros y vibraciones.\n2-EL AWWALI (inicio)=interpretaci칩n tipo mon칩logo, movimientos seg칰n la interacci칩n de los instrumentos presentes. Desplazamientos, ondulaciones, golpes. \n3-BALADI=interpretaci칩n tipo mon칩logo, movimientos lentos y profundos. Enfatizan el ritmo con un solido marcaje hacia abajo.\n4- El Akhir (final)=interpretaci칩n tipo mon칩logo o di치logo, movimientos r치pidos acompa침ados de giros, golpes y vibraciones para terminar con fuerza.', 1, 0),
	(459, 193, 'Desaf칤os', '-Ejecutar movimientos visualmente expresivos en las diferentes fases del baladi y con la correcta interpretaci칩n.\n-Con el cuerpo debe mostrar el caracter칤stico esquema musical de la pieza: 랄n crescendo.\n-Excelente reconocimiento de los ritmos caracter칤sticos, memoria y agilidad para realizar los pasos y las expresiones caracter칤sticas de forma inmediata.\n-Debe apreciarse, de manera evidente, sensualidad y fuerza.', 1, 1),
	(460, 193, 'Apariencia', 'Elegante-sensual.', 1, 2),
	(461, 195, 'Formas con el sable', 'M칤nimo 2: Equilibrios sobre la cabeza, el vientre, hombro, pierna y  planta del pie.', 1, 0),
	(462, 195, 'Pasos caracter칤sticos', '-Predominan las ejecuciones en el nivel medio y piso.\n-movimientos de impacto, ondulaciones y vibraciones.\n-FIGURAS (m칤n. 1): escorpi칩n y escuadra\n-Opcional: Ca칤da turca', 1, 1),
	(463, 195, 'Desaf칤os', '-M치ximo equilibrio, sentido del ritmo y melod칤a. Mucha precisi칩n y coordinaci칩n psicomotora. \n-Entre el cuerpo y el complemento debe haber una relaci칩n de fuerza, seguridad y confianza.', 1, 2),
	(464, 195, 'Aspecto del sable', '-La espada debe estar completa de punta a mango, firmemente soldadas, sin filo, especiales para danza oriental, color dorado o plateado.\n-Son curvas de aluminio con un peso de 600 a 800 gr. y 80 cm a 1 m de largo.\n-En caso de ejecuciones con dos espadas deber치n ser iguales en peso y forma.', 1, 3),
	(465, 197, 'Formas con el Thobe', 'M칤nimo 3 de las sig. formas:\n-Figuras con las mangas para hacer lucir el vestido, encuadrar los ojos , cubrir el cabello \n-Ce침irlo a la cadera o al tronco para mostrar los movimientos de impacto y ondulaciones.', 1, 0),
	(466, 197, 'Pasos caracter칤sticos', '-Desplazamientos con el paso b치sico de khaleegy oscilando hacia delante y atr치s.\n-Frases en sitio oscilando el t칩rax y/o la cabeza: hacia los laterales, adem치s de adelante y atr치s.\n-Cont칤nua actividad con el cabello.', 1, 1),
	(467, 197, 'Desaf칤os  ', '-La ejecuci칩n debe tener gracia, naturalidad. \n-La bailarina muestra carisma y complicidad al bailar y realizar los gestos.', 1, 2),
	(468, 197, 'Aspecto del Thobe ', 'Thobe limpio, cosido, planchado.', 1, 3),
	(469, 84, 'Ritmo ', 'Pasos r칤tmicos y cadenciosos', 1, 1),
	(470, 90, 'Gesto', 'Movimientos del cuerpo que expresan o sugieren algo. ', 1, 1),
	(471, 96, 'Esquema', 'La ejecutante tiene una idea general del baile, atendiendo solo a las acciones mas significativas.', 1, 2),
	(472, 97, 'Desplazamientos y Trayectoria', 'Sentido de orientaci칩n en el espacio', 1, 1),
	(473, 199, 'Aseo personal', 'Manos, rodillas y pies limpios.', 1, 0),
	(474, 199, 'Vestuario', 'TRAJE: En dos piezas, falda o pantal칩n. Escote al gusto.\nCALZADO: descalza.\nCUERPO: Los brillos sobre la piel son indispensables.', 1, 1),
	(475, 199, 'Maquillaje', 'OJOS: Smoke eyes, en combinaci칩n negro con dorado, plateado o bronce.\nLABIOS: color rojo.\nPESTA칌AS: postizas colocadas de manera que se vean naturales.', 1, 2),
	(476, 199, 'Peinado', 'Cabello suelto o recogido en chongo alto.\n-Es una falta que el cabello no permita ver los gestos faciales.', 1, 3),
	(477, 199, 'Accesorios', 'JOYER칈A: elaborada con pedrer칤a en plata, tornasol o dorada.', 1, 4),
	(481, 126, 'Tensi칩n', 'Acelerar o prolongar la acci칩n, detenerla para que hable la m칰sica, anticipar o posponer hechos, ocultar datos y reservarlos para el momento oportuno, centrar la atenci칩n en determinados aspectos con menosprecio de otros.', 1, 3),
	(482, 200, 'Singularidad', 'La cualidad que la distingue claramente del resto de las persona y/o bailarina: rasgos f칤sicos, forma de ser o hacer algo, car치cter.', 1, 0),
	(483, 200, 'Resistencia', 'Capacidad de mantenerse en control ante situaciones dif칤ciles o de estr칠s.', 1, 1),
	(484, 134, 'Creatividad', 'Ejecutar con gracia, elegancia, humor y sorpresa los pasos y transiciones.', 1, 4),
	(485, 134, 'Variedad de transiciones', 'Diversidad al iniciar  y finalizar movimientos, pasos y secuencias del baile en su totalidad', 1, 5),
	(486, 124, 'Aspecto del velo', '-Limpio, planchado, tela de chiff칩n o seda.\n-Medidas de 2.50 x 1.20 m.', 1, 3),
	(487, 201, 'Aseo personal', 'Manos, rodillas y pies limpios.', 1, 0),
	(488, 201, 'Vestuario', 'TRAJE: En dos piezas, falda o pantal칩n. Escote al gusto.\nCALZADO: descalza \nCUERPO: Los brillos sobre la piel son indispensables.', 1, 1),
	(489, 201, 'Maquillaje', '-Maquillaje: Ojos ahumado (smoke eyes) en combinaci칩n negro con dorado, plateado o bronce. Labial de color rojo.\n-Pesta침as: postizas colocadas de manera que se vean naturales.', 1, 2),
	(490, 201, 'Peinado', '-Cabello suelto o recogido en chongo alto.\n-Es una falta que el cabello no permita ver los gestos faciales.', 1, 3),
	(491, 201, 'Accesorios', 'Joyer칤a: elaborada con pedrer칤a en plata, tornasol o dorada', 1, 4),
	(492, 203, 'Formas con la alas', 'M칤nimo 4 formas: Mariposa, conos, espiral, vuelta plato, capoteo y caja ', 1, 0),
	(493, 203, 'Pasos caracter칤sticos', '-Abundantes giros y desplazamientos.\n-Movimientos ondulatorios, vibratorios.', 1, 1),
	(494, 203, 'Desaf칤os', '-Fluidez en los  movimientos: deben haber armon칤a entre el cuerpo y las alas.\n-Las alas deben permanecer ordenadas y arregladas.\n-Buena coordinaci칩n de movimientos y agilidad para realizar los cambios frecuentes propios del complemento.\n-Crear figuras variadas en el espacio (m칤nimo 4)', 1, 2),
	(495, 203, 'Aspecto de las alas ', '-Limpias y en perfecto estado.\n-La tela debe ser de seda u organza plisada unidas con una tira.\n-Medidas: de alto 150 cm y largo 147cm. \n-Deben llevar en cada contorno lateral,  una vara delgada de acr칤lico o metal plegable. Punta redonda y mango de goma.\n-Es una falta que la varita se vea expuesta fuera de la bastilla del ala', 1, 3),
	(496, 209, 'Aseo personal', 'Manos, rodillas y pies limpios.', 1, 0),
	(497, 209, 'Vestuario', '-Traje: En una o dos piezas (falda o pantal칩n). Escote al gusto. ce침ido al cuerpo.\n-Calzado: Zapatos de baile latino o folclor color beige adornado con cristales plata o tornasol. O bien, descalza.\n--Cuerpo: Los brillos sobre la piel son indispensables.', 1, 1),
	(498, 209, 'Maquillaje', '-Maquillaje: Ojos ahumado (smoke eyes) en combinaci칩n negro con dorado, plateado o bronce. Labial de color rojo.\n-Pesta침as: postizas colocadas de manera que se vean naturales.', 1, 2),
	(499, 209, 'Peinado', '-Cabello suelto o recogido en chongo alto.\n--Es una falta que el cabello no permita ver los gestos faciales.', 1, 3),
	(500, 209, 'Accesorios', 'Joyer칤a: elaborada con pedrer칤a en plata, tornasol o dorada.', 1, 4),
	(501, 210, 'Aseo personal', 'Manos, rodillas y pies limpios.', 1, 0),
	(502, 210, 'Vestuario', '-Traje: Vestido con olanes en la falda, mangas, en el escote o en las tres. Debe estar ce침ido al cuerpo.\n-Calzado: Zapatos de baile latino o folclor (m칤n. 5 cm, m치x. 8 cm del centro del tac칩n a la base), color beige adornados con pedrer칤a plata o tornasol o negro de folclor.\n-Cuerpo: Los brillos sobre la piel son indispensables.', 1, 1),
	(503, 210, 'Maquillaje', '-Maquillaje: Ojos ahumado (smoke eyes) en combinaci칩n negro con dorado, plateado o bronce. Labial de color rojo.\n-Pesta침as: postizas colocadas de manera que se vean naturales.', 1, 2),
	(504, 210, 'Peinado', '-Con dos trenzas largas y con una diadema de flores con colores vivos o vistosos.\n-Es una falta que el cabello no permita ver los gestos faciales.', 1, 3),
	(505, 210, 'Accesorios', 'Collares brazaletes y aretes llamativos de color dorado, plateado o con acordes al tono del vestido o flores.\n', 1, 4),
	(506, 211, 'Aseo personal', 'Manos, rodillas y pies limpios.', 1, 0),
	(507, 211, 'Vestuario', '-Traje: Opcional una o dos piezas, son permitidos los escotes.\n-Calzado: descalza.\n-Cuerpo: Los brillos sobre la piel son indispensables.\n', 1, 1),
	(508, 211, 'Maquillaje', '-Maquillaje: Ojos ahumado (smoke eyes) en combinaci칩n negro con dorado, plateado o bronce. Labial color rojo.\n-Pesta침as: postizas colocadas de manera que se vean naturales.', 1, 2),
	(509, 211, 'Peinado', '-Cabello suelto o recogido en cola de caballo.\n-Es una falta que el cabello no permita ver los gestos faciales.', 1, 3),
	(510, 211, 'Accesorios', 'Joyer칤a: elaborada con pedrer칤a que refracte la luz.', 1, 4),
	(511, 212, 'Aseo personal', 'Manos, rodillas y pies limpios.', 1, 0),
	(512, 212, 'Vestuario', '-Traje: De dos piezas, con tela lycra,  pantal칩n y escote.\n-Calzado: descalza\n-Cuerpo: Los brillos sobre la piel son indispensables.', 1, 1),
	(513, 212, 'Maquillaje', '-Maquillaje: Ojos ahumado (smoke eyes) en combinaci칩n negro con dorado, plateado o bronce. Labial de color rojo.\n-Pesta침as: postizas colocadas de manera que se vean naturales.', 1, 2),
	(514, 212, 'Peinado', '-Cabello trenzado a la altura de la coronilla, o bien con el cabello suelto con una banda a tono. \n-Es una falta que el cabello no permita ver los gestos faciales.', 1, 3),
	(515, 212, 'Accesorios', 'Joyer칤a: elaborada con pedrer칤a que refracten la luz', 1, 4),
	(516, 213, 'Aseo personal', 'Manos, rodillas y pies limpios.', 1, 0),
	(517, 213, 'Vestuario', '-Traje: En dos piezas, falda o pantal칩n. Escote al gusto.\n-Calzado: Zapatos de baile latino color beige adornado con cristales plata o tornasol. O bien, descalza.\n-Cuerpo: Los brillos sobre la piel son indispensables.\n', 1, 1),
	(518, 213, 'Maquillaje', '-Maquillaje: Ojos ahumado (smoke eyes) en combinaci칩n negro con dorado, plateado o bronce. Labial color rojo.\n-Pesta침as: postizas colocadas de manera que se vean naturales.', 1, 2),
	(519, 213, 'Peinado', '-Peinado: Cabello suelto cubierto una tela para protegerlo del candelabro.\n-Es una falta que el cabello no permita ver los gestos faciales.', 1, 3),
	(520, 213, 'Accesorios', 'Joyer칤a: elaborada con pedrer칤a en plata, tornasol o dorada\n', 1, 4),
	(521, 214, 'Aseo personal', 'Manos, rodillas y pies limpios.', 1, 0),
	(522, 214, 'Vestuario', '-Traje: En dos piezas, falda o pantal칩n. Escote al gusto.\n-Calzado: Zapatos de baile latino color beige adornado con cristales plata o tornasol. O bien, descalza.\n-Cuerpo: Los brillos sobre la piel son indispensables.', 1, 1),
	(523, 214, 'Maquillaje', '-Maquillaje: Ojos ahumado (smoke eyes) en combinaci칩n negro con dorado, plateado o bronce. Labial color rojo.\n-Pesta침as: postizas colocadas de manera que se vean naturales.', 1, 2),
	(524, 214, 'Peinado', '-Peinado: Cabello suelto.\n-Es una falta que el cabello no permita ver los gestos faciales.', 1, 3),
	(525, 214, 'Accesorios', 'Joyer칤a: elaborada con pedrer칤a en plata, tornasol o dorada.', 1, 4),
	(526, 215, 'Aseo personal', 'Manos, rodillas y pies limpios.', 1, 0),
	(527, 215, 'Vestuario', '-Traje: Opcional una o dos piezas, entallados con tela de lycra que refracte la luz. Son permitidos los escotes, \n-Calzado: Zapatos de baile latino (m칤nimo 5 cm, m치ximo 8 cm del centro del tac칩n a la base), color beige o bronce; adornados con pedrer칤a plata o tornasol. O bien descalza.\n-Cuerpo: Los brillos sobre la piel son indispensables.', 1, 1),
	(528, 215, 'Maquillaje', '-Maquillaje: Ojos ahumado (smoke eyes) en combinaci칩n negro con dorado, plateado o bronce. Labial color rojo.\n-Pesta침as: postizas colocadas de manera que se vean naturales.', 1, 2),
	(529, 215, 'Peinado', '-Cabello suelto o recogido en chongo alto o bajo.\n-Es una falta que el cabello no permita ver los gestos faciales.', 1, 3),
	(530, 215, 'Accesorios', 'Joyer칤a: elaborada con pedrer칤a que refracten la luz', 1, 4),
	(531, 216, 'Aseo personal', 'Manos, rodillas y pies limpios.', 1, 0),
	(532, 216, 'Vestuario', '-Traje:\n*El vestido tradicional exterior: es una t칰nica ancha y rectangular. Es com칰n que la tela sea transparente de cualquier color, para crear un efecto trasl칰cido. A veces est치 bordado en el pecho, cuello y mu침ecas con ornamentos que refractan la luz. O tambien decoraciones con lentejuel칩n y canutillo.\n*El vestido interior puede ser de una o dos piezas. Puede ser falda o pantal칩n combinados con el color de la t칰nica exterior.\n-Calzado: descalza.', 1, 1),
	(533, 216, 'Maquillaje', '-Maquillaje: Ojos ahumado (smoke eyes) en combinaci칩n negro con dorado, plateado. Labial color rojo.\n-Pesta침as: postizas colocadas de manera que se vean naturales.\n', 1, 2),
	(534, 216, 'Peinado', '-Cabello suelto.\n-Es una falta que el cabello no permita ver los gestos faciales.\n', 1, 3),
	(535, 216, 'Accesorios', 'Joyer칤a: collares brazaletes y aretes llamativos de color dorado, plateado o con acordes al tono del thobe.', 1, 4),
	(536, 204, 'Formas con la melaya', 'M칤nimo 4 de las sig. formas:\n-Entrada envuelta en vestido con la melaya. \n-Cruzada en el torso. \n-Rehilete con un solo brazo o ambos brazos.\n-Nudo a la cadera ', 1, 0),
	(537, 204, 'Pasos caracter칤sticos', '-Caminatas en tacones con fluidez, desplazamientos.\n-Movimientos muy expresivos.', 1, 1),
	(538, 204, 'Desaf칤os', '-Confianza y seguridad en los movimientos y transiciones\n-Buena capacidad interpretativa y conocimiento s칩lido del origen de este folclor\n-Buena coordinaci칩n de movimientos, fluidez y firmeza en la extremidades superiores. ', 1, 2),
	(539, 204, 'Aspecto de la melaya', '-Limpia, cocida y sin arrugas visibles.\n-Tela negra rectangular, con una gu칤a horizontal dorada en el medio, estrech o semi-estrech, opaca.\n-El contorno decorado con lentejuelon 칩 lentejuela.\n-Medidas:  2.50 m de largo por la medida de la persona de los hombros al tobillo.', 1, 3),
	(540, 205, 'Pasos caracter칤sticos', 'Ejecutar con claridad las fases: \n1-Taxim=interpretaci칩n tipo soliloquio, movimientos en sitio con ondulaciones lentos y profundas. Giros y vibraciones.\n2-El Awwali (inicio)=interpretaci칩n tipo mon칩logo, movimientos seg칰n la interacci칩n de los instrumentos presentes. Desplazamientos, ondulaciones, golpes. \n3-Baladi=interpretaci칩n tipo mon칩logo, movimientos lentos y profundos. Paso 랏no y medio de baladi, Movimientos de impacto enfatizando el ritmo con un solido marcaje hacia abajo.\n4-El Akhir (final)=interpretaci칩n tipo mon칩logo o di치logo, movimientos r치pidos acompa침ados de giros, golpes y vibraciones para terminar con fuerza.', 1, 0),
	(541, 205, 'Desaf칤os', '-Ejecutar movimientos visualmente expresivos en las diferentes fases del baladi y con la correcta interpretaci칩n.\n-Con el cuerpo debe mostrar el caracter칤stico esquema musical de la pieza: 랄n crescendo.\n-Excelente reconocimiento de los ritmos caracter칤sticos, memoria y agilidad para realizar los pasos y las expresiones caracter칤sticas de forma inmediata.\n-Debe apreciarse, de maenera evidente, sensualidad y fuerza.', 1, 1),
	(542, 205, 'Apariencia', 'Elegante-sensual.', 1, 2),
	(543, 202, 'Formas con la charola', '-Se mantiene firme sobre la cabeza y pudiendo de quitarla para mostrar su equilibrio. \n-Debe mostrar o hacer figuras con una de las velas (como m칤n.)', 1, 0),
	(544, 202, 'Pasos caracter칤sticos', '-Ejecuciones en tres nivel: medio, bajo y piso.\n-Predominan los movimientos ondulatorios, de impacto y vibratorios.', 1, 1),
	(545, 202, 'Desaf칤os', '-Excelente equilibrio con el complemento.\n-Gran percepci칩n de su eje de gravedad y fuerza en el cuello.\n-Seguridad y confianza al ejecutar los movimientos y transiciones.\n-Sentido del ritmo y melod칤a.', 1, 2),
	(546, 202, 'Aspecto de la charola', '-Equilibrada, con 5 o 10 velas de cera o led encendidas durante toda la ejecuci칩n\n-Color Plata o dorado , decorada con cadenas y/o Cristales, \n-El rostro debe estar despejado de cadenas o cristales.', 1, 3),
	(547, 206, 'Pasos caracter칤sticos', '-Los desplazamientos son cortos, en caso de haberlos.\n-La los movimientos deben ser caracter칤sticos al instrumento: viento (ondulatorios y giros), cuerda frotada (ondulatorios), cuerda vibrada (ondulatorios adornados con vibraciones), cuerda percusionada (ondulatorios con acentos).', 1, 0),
	(548, 206, 'Desaf칤os', '-M치ximo sentido de la melod칤a, relacionando el instrumento\n-Concentraci칩n y emoci칩n intr칤nseca con la melod칤a sin perder la proyecci칩n.\n-Coordinaci칩n psicomotora y precisi칩n.\n-La expresi칩n debe tener un estilo de reflexi칩n en 랐oz alta, evitando el contacto con el espectador.', 1, 1),
	(549, 206, 'Apariencia', 'Muy reflexiva y elegante.', 1, 2),
	(550, 207, 'Formas con el Thobe', '-Figuras con las mangas para hacer lucir el vestido, encuadrar los ojos , cubrir el cabello \n-Ce침irlo a la cadera o al tronco para mostrar los movimientos de impacto y ondulaciones.', 1, 0),
	(551, 207, 'Pasos caracter칤sticos', '-Desplazamientos con el paso b치sico de khaleegy oscilando hacia delante y atr치s.\n-Frases en sitio oscilando el t칩rax y/o la cabeza: hacia los laterales, adem치s de adelante y atr치s.\n-Continua actividad con el cabello.', 1, 1),
	(552, 207, 'Desaf칤os ', '-La ejecuci칩n debe tener gracia, naturalidad. \n-La bailarina muestra carisma y complicidad al bailar y realizar los gestos.', 1, 2),
	(553, 207, 'Aspecto del Thobe ', 'Thobe limpio, cosido, planchado. ', 1, 3),
	(554, 217, 'Sistemas del cuerpo', 'La manera en que la bailarina utiliza la respiraci칩n, el sistema muscular, el esqueleto, los 칩rganos del cuerpo y los reflejos para expresar en el baile.', 1, 0),
	(555, 217, 'Forma de las frases', 'El cuerpo muestra formas definidas durante las acciones y sus transformaciones.', 1, 1),
	(556, 219, 'Diversidad espacial', '-Manejo adecuado de los niveles: medio, medio-alto, medio-bajo, bajo y piso.\n-Diversidad de movimientos en el espacio', 1, 0),
	(557, 219, 'Progresi칩n espacial ', 'Son las rectas y curvas imaginarias que la bailarina traza al desplazarse por el espacio total.', 1, 1),
	(558, 220, 'Duraci칩n ', 'Las frases, secuencias y secciones en la coreograf칤a tienen el tiempo necesario para ser comprendidas por el espectador', 1, 0),
	(559, 220, 'Velocidad', 'Los movimientos, frases y secuencias cuentan con las variaciones de velocidad adecuadas.', 1, 1),
	(560, 220, 'Intensidad', 'Correctos matices de las frases, secuencias y secciones en la coreograf칤a', 1, 2),
	(561, 220, 'Ritmo ', 'El significado de las secuencias se presenta de forma organizada: inicio, desarrollo y final', 1, 3),
	(562, 218, 'Mov. estacionarios acertados', 'Perfecci칩n en los movimientos que se ejecutan en un punto espec칤fico del espacio sin viajar mucho.', 1, 0),
	(563, 218, 'Desplazamientos acertados', 'Perfecci칩n en los movimientos que se trasladan en el espacio: caminar, correr, saltar cubriendo mucho espacio.', 1, 1),
	(564, 218, 'Fluidez', 'Todos los movimientos, pasos y secuencias tienen un motivo dentro de la coreograf칤a o corresponden al tipo de baile y al personaje', 1, 2),
	(565, 218, 'Coordinaci칩n corporal', 'Coordinaci칩n de los movimientos al realizar los cambios entre m칰sica y pasos', 1, 3),
	(566, 221, 'Peso', 'La energ칤a que hace liviano un movimiento, que lo hace rebotar, que env칤a el peso hacia arriba o hacia abajo, que se estira horizontalmente.', 1, 0),
	(567, 221, 'Potencia', 'Dominio de la cantidad  de energ칤a con la que el personaje ejecuta las frases y secuencias en la coreograf칤a.', 1, 1),
	(569, 225, 'Tensi칩n ', 'Acelerar o prolongar la acci칩n, detenerla para que hable la m칰sica, anticipar o posponer hechos, ocultar datos y reservarlos para el momento oportuno, ofrecer pistas falsas, centrar la atenci칩n en determinados aspectos con menosprecio de otros.', 1, 0),
	(570, 225, 'Situaci칩n inicial ', 'Presentaci칩n del PERSONAJE: descripci칩n del espacio, tiempo, detealles especiales, rasgos o lugar.', 1, 1),
	(571, 225, 'Desarrollo ', 'Narraci칩n de la obra: Acciones derivadas de la situaci칩n inicial planteada por el PERSONAJE.', 1, 2),
	(572, 225, 'Desenlace ', 'Cierre de la narraci칩n: Debe existir correlaci칩n entre los hechos precedentes y el final.', 1, 3),
	(573, 226, 'Actitud ', 'Perspectiva adoptada por un personaje, con respecto a un pensamiento, lugar o desarrollo de la obra, a trav칠s de emociones.', 1, 0),
	(574, 226, 'Imaginaci칩n y claridad ', 'Imaginaci칩n para dar vida a los s칤mbolos que sin revelar las pasiones desnudas, del personaje, hablen de ellas con claridad.', 1, 1),
	(575, 227, 'Movimiento sensible ', 'Estado an칤mico del personaje: El movimiento y la energ칤a se unen para proyectar la EMOCION que se pretende.', 1, 0),
	(576, 227, 'Pensamiento matriz ', 'El movimiento y el gesto trasmiten el PENSAMIENTO del personaje con todo el cuerpo.', 1, 1),
	(577, 227, 'Dominio corporal ', 'Movimiento corporal voluntario y controlado por el personaje', 1, 2),
	(578, 229, 'Espacio f칤sico ', 'Abierto: Espacio que da libertad al personaje para actuar', 1, 0),
	(579, 229, 'Espacio psicol칩gico ', 'Las circunstancias que rodean e influyen en la forma de actuar del personaje', 1, 1),
	(580, 228, 'Rasgos tipo', 'Mostrar los rasgos peculiares que caracterizan al personaje.\n- La cualidad que lo distingue, claramente, del resto de los personajes. Ejm: rasgos f칤sicos, en su forma de ser, del resto de su entorno, car치cter, lo que llama la atenci칩n,  comportamiento inusual.', 1, 0),
	(581, 228, 'Resistencia', 'Capacidad de la EJECUTANTE  para mantenerse en control ante situaciones dif칤ciles y  de estr칠s.', 1, 1),
	(582, 230, 'Orden ', '-Precisi칩n en el orden de los acontecimientos: cronol칩gicamente (lineal), la historia comienza y acaba del mismo modo (circular), o en medio del asunto (in media res)\n- Transformaci칩n del baile de menos a mas o viceversa ', 1, 0),
	(583, 230, 'Frecuencia', 'Regularidad con que suceden o se repiten los movimientos.', 1, 1),
	(584, 231, 'Visualizaci칩n musical ', 'La bailarina forma en la mente una imagen visual de un concepto abstracto con la informaci칩n que obtiene de la m칰sica', 1, 0),
	(585, 231, 'Entorno musical', 'Responde a los est칤mulos musicales y los provoca en el entorno', 1, 1),
	(586, 231, 'Relaci칩n en el tiempo', 'Realizar movimientos al un칤sono, de momento o cont칤nuos; predecibles o impredecible; r치pidos o lentos', 1, 2),
	(587, 232, 'Espacio compartido', 'Di치logo corporal e interacci칩n con otros espacios o personas. Mi espacio, tu espacio, nuestro espacio.', 1, 0),
	(588, 233, 'Calidad de movimientos', 'Conjunto de movimientos que hacen agradable y valioso el baile', 1, 0),
	(589, 233, 'Perfecci칩n ', 'Exactitud y excelencia en los movimientos, transiciones y secuencias.', 1, 1),
	(590, 233, 'Agilidad ', 'Movimientos en varias direcciones con velocidad, pausas, control y ligereza.', 1, 2),
	(591, 233, 'Conciencia corporal', 'Conciencia de las posibilidades y limitaciones de su cuerpo.\nConciencia de posturas y movimientos con respecto al campo visual del p칰blico: frontal, contrario, espaldas y diagonal', 1, 3),
	(592, 233, 'Creatividad', 'Ejecutar con gracia, elegancia, humor y sorpresa los pasos y transiciones.', 1, 4),
	(593, 233, 'Variedad de transiciones', 'Diversidad al iniciar  y finalizar movimientos, pasos y secuencias del baile en su totalidad.', 1, 5),
	(594, 222, 'Maestr칤a en la ejecuci칩n', 'Etapa de perfeccionamientos y disponibilidad variable: La bailarina es due침a de su t칠cnica, puede crear nuevas formas de habilidad, identific치ndolas como algo propio.', 1, 0),
	(595, 222, 'Variedad', 'Diversidad de figuras, secuencias, niveles, direcciones y trayectorias espaciales', 1, 1),
	(596, 222, 'Eficacia', 'La ejecuci칩n tiene la capacidad de lograr el efecto que se desea o se espera.', 1, 2),
	(597, 222, 'Satisfacci칩n est칠tica', '-Transmite satisfacci칩n est칠tica a los espectadores. \n-La bailarina muestra su ingenio relacionando, de manera fluida, las expresiones personales con la m칰sica y sus movimientos.', 1, 3),
	(598, 224, 'Aseo personal', 'Manos, rodillas y pies limpios.', 1, 0),
	(599, 224, 'Vestuario', 'TRAJE: Opcional una o dos piezas, entallados con tela de lycra que refracte la luz. Son permitidos los escotes. \nCALZADO: Zapatos de baile latino o folclor (m칤n. 5 cm, m치ximo 8 cm del centro del tac칩n a la base), color beige o bronce; adornados con pedrer칤a plata o tornasol. O bien descalza.\n-Cuerpo: Los brillos sobre la piel son indispensables.', 1, 1),
	(600, 224, 'Maquillaje', 'OJOS: Smoke eyes en combinaci칩n negro con dorado, plateado o bronce. \nLABIOS: Labial de color rojo.\nPESTA칌AS: postizas colocadas de manera que se vean naturales.', 1, 2),
	(601, 224, 'Peinado', 'CABELLO suelto o recogido en chongo alto o bajo.\n-Es una falta que el cabello no permita ver los gestos faciales.', 1, 3),
	(602, 224, 'Accesorios', 'JOYER칈A: elaborada con pedrer칤a que refracten la luz', 1, 4),
	(603, 223, 'Pasos caracter칤sticos', '-Los desplazamientos son cortos, en caso de haberlos.\n-La los movimientos deben ser caracter칤sticos al instrumento: viento (ondulatorios y giros), cuerda frotada (ondulatorios), cuerda vibrada (ondulatorios adornados con vibraciones), cuerda percusionada (ondulatorios con acentos).', 1, 0),
	(604, 223, 'Desaf칤os', '-M치ximo sentido de la melod칤a, relacionando el instrumento\n-Concentraci칩n y emoci칩n intr칤nseca con la melod칤a sin perder la proyecci칩n.\n-Coordinaci칩n psicomotora y precisi칩n.\n-La expresi칩n debe tener un estilo de reflexi칩n en 랐oz alta, evitando el contacto con el espectador.', 1, 1),
	(605, 223, 'Apariencia', 'Muy reflexiva y elegante.', 1, 2),
	(606, 235, 'Pasos caracter칤sticos', '-Los ademanes y gestos faciales deben respaldar el sentido del legendario tema.\n-Los desplazamientos son cortos y las frases deben tener: precisi칩n, armon칤a y fluidez .\n-Los pasos caracter칤sticos de los ritmos presentes, deber치n realizarse, pudiendo ser de impacto, ondulatorios, vibratorios y giros. ', 1, 0),
	(607, 235, 'Desaf칤os', '-La ejecuci칩n debe sobresalir en elegancia, naturalidad.\n-Los movimientos deben ser muy visibles y ejecutarse con soltura \n-La consolidaci칩n de su estilo se manifiesta al interpretar, en forma y fondo cultural, de manera precisa la canci칩n.', 1, 1),
	(608, 235, 'Aperiencia ', 'Solemne y majestuoso.', 1, 2),
	(609, 236, 'Aseo personal', 'Manos, rodillas y pies limpios.', 1, 0),
	(610, 236, 'Vestuario', 'TRAJE: c칩digo de vestimenta formal, tipo gala, preferentemente ajustado.\nCALZADO: Zapatos de baile latino (m칤n. 5 cm, m치x. 8 cm del centro del tac칩n a la base), color beige o bronce; adornados con pedrer칤a plata o tornasol. \n-Cuerpo: Los brillos sobre la piel son indispensables.', 1, 1),
	(611, 236, 'Maquillaje', 'OJOS: Smoke eyes en combinaci칩n negro con dorado, plateado o bronce.\nLABIOS: Labial de color rojo.\nPESTA칌AS: postizas colocadas de manera que se vean naturales.', 1, 2),
	(612, 236, 'Peinado', 'CABELLO Acorde al c칩digo de vestimenta formal. \n-Es una falta que el cabello no permita ver los gestos faciales.', 1, 3),
	(613, 236, 'Accesorios', 'JOYER칈A: elaborada con pedrer칤a que refracten la luz', 1, 4),
	(665, 265, 'Tipo: Mon칩logo', 'El PERSONAJE se expresa, mientras tanto el p칰blico observa.', 1, 0),
	(666, 268, 'Tipo: Soliloquio', 'Reflexi칩n 란n voz alta por parte del PERSONAJE que permite al p칰blico asomarse a su interior y conocer sus verdaderos sentimientos, pensamientos e intensiones. ', 1, 0),
	(667, 266, 'Tipo: Coloquio', 'Di치logo entre 2 o m치s personas ', 1, 0),
	(668, 270, 'Formas con la charola', '-Se mantiene firme sobre la cabeza, pudiendo quitarsela  para hacer patente su equilibrio. \n-Debe mostrar o hacer figuras con una de las velas.', 1, 0),
	(669, 270, 'Pasos caracter칤sticos', '-Predominan los movimientos ondulatorios, de impacto y vibratorios.\n-M칤nimo 2:  ejecuciones en tres nivel: medio, bajo y piso.', 1, 1),
	(670, 270, 'Desaf칤os', '-Excelente equilibrio con el complemento.\n-Gran percepci칩n de su eje de gravedad y fuerza en el cuello.\n-Seguridad y confianza al ejecutar los movimientos y transiciones.\n-Sentido del ritmo y melod칤a.', 1, 2),
	(671, 270, 'Aspecto de la charola', '-Equilibrada, con 5 o 10 velas de cera o led encendidas durante toda la ejecuci칩n\n-Color plata o dorado , decorada con cadenas y/o cristales, \n-El rostro debe estar despejado de cadenas o cristales.', 1, 3),
	(672, 271, 'Aseo personal', 'Manos, rodillas y pies limpios.', 1, 0),
	(673, 271, 'Vestuario', 'TRAJE: En dos piezas,  falda y/o pantal칩n; escote al gusto. O vestido completo tipo sirena.\nCALZADO: Zapatos de baile latino o folclor color beige adornado con cristales plata o tornasol. O bien, descalza\nCUERPO: Los brillos sobre la piel son indispensables."', 1, 1),
	(674, 271, 'Maquillaje', 'OJOS: Smoke eyes en combinaci칩n negro con dorado, plateado o bronce. \nLABIOS: color rojo.\nPESTA칌AS: postizas colocadas de manera que se vean naturales.', 1, 2),
	(675, 271, 'Peinado', 'CABELLO suelto con banda o trenzado\n-Es una falta que el cabello no permita ver los gestos faciales.', 1, 3),
	(676, 271, 'Accesorios', 'JOYER칈A: elaborada con pedrer칤a en plata, tornasol o dorada', 1, 4),
	(683, 283, 'Pies y piernas', 'rotar pie 30췈, apoyar sobre 1a o 2a', 1, 0),
	(684, 283, 'shimmy', 'dar uniformidad, mantnerlo mas', 1, 1),
	(685, 283, 'palomas', '', 1, 2),
	(686, 283, 'port de bras', '', 1, 3),
	(687, 283, 'craneo', '', 1, 4),
	(688, 284, 'pies y piernas', '', 1, 0),
	(689, 284, 'palomas', '', 1, 1),
	(690, 284, 'port de bras', '', 1, 2),
	(692, 285, 'aspecto 1', 'esta es la description del aspecto 1', 1, 0);
/*!40000 ALTER TABLE `exam_impro_question` ENABLE KEYS */;

-- Dumping structure for table entities.exam_impro_type
CREATE TABLE IF NOT EXISTS `exam_impro_type` (
  `id` int(11) NOT NULL AUTO_INCREMENT,
  `label` varchar(50) NOT NULL,
  PRIMARY KEY (`id`)
) ENGINE=InnoDB AUTO_INCREMENT=30 DEFAULT CHARSET=utf8mb4;

-- Dumping data for table entities.exam_impro_type: ~7 rows (approximately)
DELETE FROM `exam_impro_type`;
/*!40000 ALTER TABLE `exam_impro_type` DISABLE KEYS */;
INSERT INTO `exam_impro_type` (`id`, `label`) VALUES
	(1, 'prueba'),
	(2, 'Impro 2췈'),
	(3, 'Impro 3췈'),
	(9, 'Impro 1췈'),
	(21, 'Impro 4췈'),
	(28, 'tipo de examen de prueba'),
	(29, 'Tecnica 3 puerba');
/*!40000 ALTER TABLE `exam_impro_type` ENABLE KEYS */;

-- Dumping structure for table entities.role
CREATE TABLE IF NOT EXISTS `role` (
  `id` varchar(50) NOT NULL,
  KEY `unique_role` (`id`) USING BTREE
) ENGINE=InnoDB DEFAULT CHARSET=utf8mb4;

-- Dumping data for table entities.role: ~5 rows (approximately)
DELETE FROM `role`;
/*!40000 ALTER TABLE `role` DISABLE KEYS */;
INSERT INTO `role` (`id`) VALUES
	('admin'),
	('estudiante'),
	('evaluador'),
	('maestro'),
	('readonly');
/*!40000 ALTER TABLE `role` ENABLE KEYS */;

-- Dumping structure for table entities.user
CREATE TABLE IF NOT EXISTS `user` (
  `uid` varchar(50) NOT NULL,
  `displayName` varchar(100) DEFAULT NULL,
  `email` varchar(50) NOT NULL,
  PRIMARY KEY (`uid`) USING BTREE,
  UNIQUE KEY `unq_user_email` (`email`)
) ENGINE=InnoDB DEFAULT CHARSET=utf8mb4;

-- Dumping data for table entities.user: ~24 rows (approximately)
DELETE FROM `user`;
/*!40000 ALTER TABLE `user` DISABLE KEYS */;
INSERT INTO `user` (`uid`, `displayName`, `email`) VALUES
	('0FjPcANm3Jh1MysHVEcOA3D4q0E3', 'ROCIO', 'evaluador5@raxacademy.com'),
	('0WLoQ6Ji12Rj7vODfPwrodPoGrv2', 'Blanca', 'blanca.munoz@raxacademy.com'),
	('1TqAY7Z7nNRtRKHmhNU1yZ6oeT33', 'klaudia Gamboa', 'klaudiagamboa@gmail.com'),
	('AbvepmAi29ZRvqng0n0dMwDtasp2', 'Lectura', 'readonly@raxacademy.com'),
	('cZhBd4jR2WSeEheP2DNeprWcMCx2', 'Ana', 'ana.dieck@raxacademy.com'),
	('dDzrwO98tvPT0g9t0chhffbNkyB3', 'ANAG', 'evaluador4@raxacademy.com'),
	('dH2cvBycDuN19UkMpy5piRA7FjA3', 'Vicky', 'rsharkimonterrey@yahoo.com.mx'),
	('eHhHfUFPc3ZLmsmkuu2Irn8M28H3', 'Suhey', 'suhey.torres@raxacademy.com'),
	('fu3YTr776BcUbBgsyRosVqAmnFA2', 'Greta', 'greta.haaz@raxacademy.com'),
	('hOyxSFzX3wce7bsd4yUrQzIkw292', 'MONTSE', 'evaluador1@raxacademy.com'),
	('HRBW9prVWPYYcgl5Yd45aiydqHB2', 'Yelbyz', 'yelbyz.villanueva@raxacademy.com'),
	('irE9NGaE49ej45UbutPnx6kj1Bh2', 'Elisa', 'elisa.hariiq@raxacademy.com'),
	('l6WFvRMR3pZwjWoT6ZIQIAxNydF2', NULL, 'test@raxacademy.com'),
	('qyuSGEDqZYOOQBPnsY4hCnL1O7l2', 'Erika', 'erika.siller@raxacademy.com'),
	('R1lO0HdOFpcX1Zur2NTFw03vLeY2', NULL, 'raul_fernando_mendoza@hotmail.com'),
	('RlkkOn3RbpZyq0bOXq4dEBP6Ye02', 'clau.gamboa', 'claudia.gamboa@raxacademy.com'),
	('sDFz7nq2c3hTMq9r7DW8CtmDOHR2', 'Liliana', 'lili.quezada@raxacademy.com'),
	('SgLxpMH3yogpUPZ5sUGg6ddsM3j1', 'Renata', 'renata.aleman@raxacademy.com'),
	('TGHGTlvGFyNQ9eolHZoT3yASa4r2', 'Sofia', 'sofia.fuente@raxacademy.com'),
	('V9J8BmER4iR8qvQdy7AwYqoGCc73', 'Melina', 'melina.diaz@raxacademy.com'),
	('XJhaU0ywmESe68tGdYbHDcECPHC3', 'Felix', 'felix.dolores@raxacademy.com'),
	('yfcJxYHtYiROow7x6nGWJP2NLZu2', 'TITI', 'evaluador3@raxacademy.com'),
	('Zf98UIUGkTXqX7FEbBHY0rFV7ds1', 'rfm24', 'rfmh24hr@gmail.com'),
	('ZPuO87FhKpMDddSEiXnxSz2cgev1', 'MAYRA', 'evaluador2@raxacademy.com');
/*!40000 ALTER TABLE `user` ENABLE KEYS */;

-- Dumping structure for view entities.exam_impro_calificacion
-- Removing temporary table and create final VIEW structure
DROP TABLE IF EXISTS `exam_impro_calificacion`;
CREATE ALGORITHM=UNDEFINED SQL SECURITY DEFINER VIEW `exam_impro_calificacion` AS select `a`.`id` AS `ei_aplication_id`,`a`.`fechaApplicacion` AS `fecha`,`a`.`materia` AS `materia`,`t`.`label` AS `tipo`,ifnull(`e`.`displayName`,`e`.`email`) AS `estudiante`,ifnull(`m`.`displayName`,`m`.`email`) AS `maestro`,`c`.`exam_impro_ap_parameter_id` AS `exam_impro_ap_parameter_id`,`pt`.`label` AS `parametro`,4.5 + round(5.5 * (sum(`q`.`graded`) / sum(`iq`.`points`)),1) AS `calificacion`,`p`.`comentario` AS `comentario` from ((((((((`exam_impro_ap` `a` join `exam_impro_ap_parameter` `p` on(`p`.`exam_impro_ap_id` = `a`.`id`)) join `exam_impro_ap_criteria` `c` on(`c`.`exam_impro_ap_parameter_id` = `p`.`id`)) join `exam_impro_ap_question` `q` on(`q`.`exam_impro_ap_criteria_id` = `c`.`id`)) join `exam_impro_question` `iq` on(`iq`.`id` = `q`.`exam_impro_question_id`)) join `user` `e` on(`a`.`estudiante_uid` = `e`.`uid`)) join `exam_impro_type` `t` on(`a`.`exam_impro_type_id` = `t`.`id`)) join `exam_impro_parameter` `pt` on(`p`.`exam_impro_parameter_id` = `pt`.`id`)) join `user` `m` on(`p`.`maestro_uid` = `m`.`uid`)) group by `a`.`id`,`p`.`id`;

-- Dumping structure for view entities.exam_impro_calificacion_det
-- Removing temporary table and create final VIEW structure
DROP TABLE IF EXISTS `exam_impro_calificacion_det`;
CREATE ALGORITHM=UNDEFINED SQL SECURITY DEFINER VIEW `exam_impro_calificacion_det` AS select `a`.`fechaApplicacion` AS `fecha`,`a`.`id` AS `id`,`a`.`materia` AS `materia`,`t`.`label` AS `tipo`,ifnull(`e`.`displayName`,`e`.`email`) AS `estudiante`,`c`.`exam_impro_ap_parameter_id` AS `exam_impro_ap_parameter_id`,ifnull(`m`.`displayName`,`m`.`email`) AS `maestro`,`pt`.`label` AS `parametro`,`cr`.`label` AS `criterio`,`iq`.`label` AS `aspecto`,4.5 + `q`.`graded` * 5.5 AS `calificacion` from (((((((((`exam_impro_ap` `a` join `exam_impro_ap_parameter` `p` on(`p`.`exam_impro_ap_id` = `a`.`id`)) join `exam_impro_ap_criteria` `c` on(`c`.`exam_impro_ap_parameter_id` = `p`.`id`)) join `exam_impro_ap_question` `q` on(`q`.`exam_impro_ap_criteria_id` = `c`.`id`)) join `exam_impro_question` `iq` on(`iq`.`id` = `q`.`exam_impro_question_id`)) join `user` `e` on(`a`.`estudiante_uid` = `e`.`uid`)) join `exam_impro_type` `t` on(`a`.`exam_impro_type_id` = `t`.`id`)) join `exam_impro_parameter` `pt` on(`p`.`exam_impro_parameter_id` = `pt`.`id`)) join `exam_impro_criteria` `cr` on(`c`.`exam_impro_criteria_id` = `cr`.`id`)) join `user` `m` on(`p`.`maestro_uid` = `m`.`uid`));

/*!40101 SET SQL_MODE=IFNULL(@OLD_SQL_MODE, '') */;
/*!40014 SET FOREIGN_KEY_CHECKS=IFNULL(@OLD_FOREIGN_KEY_CHECKS, 1) */;
/*!40101 SET CHARACTER_SET_CLIENT=@OLD_CHARACTER_SET_CLIENT */;
/*!40111 SET SQL_NOTES=IFNULL(@OLD_SQL_NOTES, 1) */;
